timestamp,node,temperature_c,socket1_temperature_c,socket0_power_w,socket1_power_w,cpu_user_pct,cpu_idle_pct,load_1m,total_cpu_power_w
2021-03-01 20:18:00+00:00,582,51.666666666666664,51.666666666666664,150.0,134.0,65.833336,33.833332,87.10667,284.0
2021-03-01 20:19:00+00:00,582,52.666666666666664,52.666666666666664,155.33333333333334,140.66666666666666,69.299995,30.5,91.04667,296.0
2021-03-01 20:20:00+00:00,582,52.333333333333336,53.0,153.33333333333334,136.0,72.700005,27.133333,92.04667,289.33333333333337
2021-03-01 20:21:00+00:00,582,52.0,53.333333333333336,150.66666666666666,135.33333333333334,74.76667,25.066666,94.80666,286.0
2021-03-01 20:22:00+00:00,582,53.0,53.0,152.66666666666666,132.66666666666666,67.53333,32.266666,103.665,285.3333333333333
2021-03-01 20:23:00+00:00,582,53.333333333333336,53.333333333333336,158.66666666666666,135.33333333333334,68.35,31.45,97.71,294.0
2021-03-01 20:24:00+00:00,582,53.333333333333336,54.0,154.0,136.66666666666666,71.4,28.4,97.71,290.66666666666663
2021-03-01 20:25:00+00:00,582,54.0,54.333333333333336,154.0,144.66666666666666,68.799995,30.9,91.69333,298.66666666666663
2021-03-01 20:26:00+00:00,582,53.0,53.333333333333336,156.66666666666666,136.0,73.46667,26.333334,95.43,292.66666666666663
2021-03-01 20:27:00+00:00,582,53.0,53.666666666666664,160.0,141.33333333333334,73.0,26.85,99.86667,301.33333333333337
2021-03-01 20:28:00+00:00,582,53.0,54.0,156.66666666666666,134.0,69.73334,30.1,90.22666,290.66666666666663
2021-03-01 20:29:00+00:00,582,53.0,54.333333333333336,156.0,142.66666666666666,70.700005,29.1,89.21667,298.66666666666663
2021-03-01 20:30:00+00:00,582,52.666666666666664,54.0,152.66666666666666,133.33333333333334,73.166664,26.633333,94.86,286.0
2021-03-01 20:31:00+00:00,582,53.666666666666664,54.333333333333336,156.66666666666666,136.66666666666666,74.53333,25.266668,98.42333,293.3333333333333
2021-03-01 20:32:00+00:00,582,53.666666666666664,54.333333333333336,156.66666666666666,141.33333333333334,64.4,35.3,96.35999,298.0
2021-03-01 20:33:00+00:00,582,54.0,53.666666666666664,156.66666666666666,141.33333333333334,67.899994,31.8,95.456665,298.0
2021-03-01 20:34:00+00:00,582,53.666666666666664,54.0,151.33333333333334,134.0,73.96667,25.866667,92.97333,285.33333333333337
2021-03-01 20:35:00+00:00,582,54.333333333333336,55.0,158.0,138.0,70.433334,29.366667,89.24,296.0
2021-03-01 20:36:00+00:00,582,53.333333333333336,53.0,140.66666666666666,115.33333333333333,69.56667,30.266668,89.64,256.0
2021-03-01 20:37:00+00:00,582,54.0,54.0,154.0,138.66666666666666,73.299995,26.599998,87.94,292.66666666666663
2021-03-01 20:38:00+00:00,582,53.0,54.666666666666664,138.66666666666666,122.66666666666667,70.63333,29.166666,88.205,261.3333333333333
2021-03-01 20:39:00+00:00,582,54.0,54.333333333333336,155.33333333333334,143.33333333333334,67.55,32.25,93.98667,298.6666666666667
2021-03-01 20:40:00+00:00,582,54.0,55.0,156.66666666666666,143.33333333333334,73.833336,25.966667,94.64001,300.0
2021-03-01 20:41:00+00:00,582,53.666666666666664,53.666666666666664,156.66666666666666,142.66666666666666,68.4,31.300001,96.104996,299.3333333333333
2021-03-01 20:42:00+00:00,582,53.666666666666664,54.666666666666664,154.0,136.0,71.166664,28.633333,87.659996,290.0
2021-03-01 20:43:00+00:00,582,54.0,55.0,156.66666666666666,140.0,73.43333,26.366667,89.36,296.66666666666663
2021-03-01 20:44:00+00:00,582,54.0,54.333333333333336,152.66666666666666,130.66666666666666,68.36667,31.466667,79.7,283.3333333333333
2021-03-01 20:45:00+00:00,582,54.0,54.333333333333336,152.0,131.33333333333334,72.46667,27.333334,78.83501,283.33333333333337
2021-03-01 20:46:00+00:00,582,53.333333333333336,54.666666666666664,145.33333333333334,132.0,73.933334,25.9,94.63333,277.33333333333337
2021-03-01 20:47:00+00:00,582,53.333333333333336,54.333333333333336,140.0,131.33333333333334,71.066666,28.766668,99.033325,271.33333333333337
2021-03-01 20:48:00+00:00,582,54.0,54.333333333333336,141.33333333333334,128.66666666666666,66.799995,32.966667,92.92333,270.0
2021-03-01 20:49:00+00:00,582,52.333333333333336,54.333333333333336,156.66666666666666,137.33333333333334,71.15,28.7,99.61001,294.0
2021-03-01 20:50:00+00:00,582,53.666666666666664,54.333333333333336,162.66666666666666,145.33333333333334,67.45,32.4,90.225006,308.0
2021-03-01 20:51:00+00:00,582,53.666666666666664,54.333333333333336,153.33333333333334,140.66666666666666,74.13333,25.699999,97.77,294.0
2021-03-01 20:52:00+00:00,582,54.333333333333336,54.333333333333336,161.33333333333334,140.0,68.85,30.900002,107.41,301.33333333333337
2021-03-01 20:53:00+00:00,582,53.666666666666664,54.333333333333336,154.66666666666666,136.0,73.1,26.7,104.825,290.66666666666663
2021-03-01 20:54:00+00:00,582,54.333333333333336,54.0,152.66666666666666,131.33333333333334,73.46667,26.366667,97.89667,284.0
2021-03-01 20:55:00+00:00,582,54.0,54.0,154.0,137.33333333333334,67.96667,31.833334,94.829994,291.33333333333337
2021-03-01 20:56:00+00:00,582,54.0,54.666666666666664,163.33333333333334,131.33333333333334,68.03333,31.699999,85.670006,294.6666666666667
2021-03-01 20:57:00+00:00,582,53.666666666666664,55.0,137.33333333333334,125.33333333333333,69.833336,30.0,84.17667,262.6666666666667
2021-03-01 20:58:00+00:00,582,54.333333333333336,55.333333333333336,155.33333333333334,136.66666666666666,74.26667,25.566666,92.02334,292.0
2021-03-01 20:59:00+00:00,582,54.333333333333336,54.0,156.0,146.66666666666666,70.299995,29.533333,101.62333,302.66666666666663
2021-03-01 21:00:00+00:00,582,54.666666666666664,55.333333333333336,152.66666666666666,136.66666666666666,71.53333,28.300001,102.96,289.3333333333333
2021-03-01 21:01:00+00:00,582,55.0,55.0,154.0,136.66666666666666,72.833336,27.033333,99.329994,290.66666666666663
2021-03-01 21:02:00+00:00,582,53.666666666666664,55.333333333333336,156.0,140.0,66.0,33.7,90.21,296.0
2021-03-01 21:03:00+00:00,582,54.666666666666664,55.333333333333336,156.66666666666666,140.0,74.53333,25.300001,97.775,296.66666666666663
2021-03-01 21:04:00+00:00,582,55.0,55.333333333333336,154.0,138.0,72.066666,27.766668,93.25666,292.0
2021-03-01 21:05:00+00:00,582,55.666666666666664,55.0,156.0,142.0,71.36667,28.5,98.15,298.0
2021-03-01 21:06:00+00:00,582,55.333333333333336,55.666666666666664,156.66666666666666,138.66666666666666,68.9,30.866667,95.42667,295.3333333333333
2021-03-01 21:07:00+00:00,582,55.0,55.333333333333336,153.33333333333334,132.0,72.96667,26.866667,88.03,285.33333333333337
2021-03-01 21:08:00+00:00,582,55.0,56.0,157.33333333333334,140.0,70.26666,29.533333,87.11001,297.33333333333337
2021-03-01 21:09:00+00:00,582,55.333333333333336,55.666666666666664,152.0,135.33333333333334,70.333336,29.5,77.46,287.33333333333337
2021-03-01 21:10:00+00:00,582,55.0,56.666666666666664,158.0,143.33333333333334,64.333336,35.366665,80.02334,301.33333333333337
2021-03-01 21:11:00+00:00,582,54.666666666666664,55.666666666666664,156.0,146.0,71.166664,28.633333,75.90333,302.0
2021-03-01 21:12:00+00:00,582,55.333333333333336,55.0,149.33333333333334,132.0,70.299995,29.5,84.22,281.33333333333337
2021-03-01 21:13:00+00:00,582,54.666666666666664,55.666666666666664,154.66666666666666,138.66666666666666,72.23333,27.566666,89.52,293.3333333333333
2021-03-01 21:14:00+00:00,582,54.333333333333336,56.0,154.0,140.0,69.333336,30.433334,116.59667,294.0
2021-03-01 21:15:00+00:00,582,55.0,56.0,157.33333333333334,144.66666666666666,71.03333,28.733332,111.380005,302.0
2021-03-01 21:16:00+00:00,582,55.0,56.0,156.0,145.33333333333334,74.36667,25.5,104.94,301.33333333333337
2021-03-01 21:17:00+00:00,582,55.0,56.0,157.33333333333334,139.33333333333334,70.86667,28.933334,108.82667,296.6666666666667
2021-03-01 21:18:00+00:00,582,55.333333333333336,56.333333333333336,164.66666666666666,150.66666666666666,71.5,28.300001,95.98334,315.3333333333333
2021-03-01 21:19:00+00:00,582,55.333333333333336,55.666666666666664,151.33333333333334,134.0,69.3,30.3,83.395,285.33333333333337
2021-03-01 21:20:00+00:00,582,55.0,55.333333333333336,156.66666666666666,136.66666666666666,71.833336,27.933334,92.69666,293.3333333333333
2021-03-01 21:21:00+00:00,582,56.333333333333336,56.333333333333336,157.33333333333334,134.66666666666666,69.73333,30.066666,87.996666,292.0
2021-03-01 21:22:00+00:00,582,56.666666666666664,56.333333333333336,158.0,140.0,73.0,26.833334,101.145004,298.0
2021-03-01 21:23:00+00:00,582,57.666666666666664,56.666666666666664,158.66666666666666,138.0,71.03333,28.766668,101.666664,296.66666666666663
2021-03-01 21:24:00+00:00,582,57.0,57.0,161.33333333333334,141.33333333333334,73.433334,26.366669,100.003334,302.6666666666667
2021-03-01 21:25:00+00:00,582,56.0,58.0,157.33333333333334,142.66666666666666,70.1,29.6,102.95333,300.0
2021-03-01 21:26:00+00:00,582,56.333333333333336,56.666666666666664,158.66666666666666,140.66666666666666,66.6,33.2,96.29,299.3333333333333
2021-03-01 21:27:00+00:00,582,56.333333333333336,56.333333333333336,150.66666666666666,130.0,71.333336,28.5,92.513336,280.66666666666663
2021-03-01 21:28:00+00:00,582,56.0,56.0,142.66666666666666,130.0,72.96667,26.866667,83.60667,272.66666666666663
2021-03-01 21:29:00+00:00,582,56.0,56.333333333333336,157.33333333333334,141.33333333333334,64.4,35.4,81.833336,298.6666666666667
2021-03-01 21:30:00+00:00,582,56.0,57.0,156.66666666666666,138.0,70.066666,29.700003,86.645004,294.66666666666663
2021-03-01 21:31:00+00:00,582,57.0,56.666666666666664,148.66666666666666,132.0,75.299995,24.533333,90.07,280.66666666666663
2021-03-01 21:32:00+00:00,582,58.0,58.666666666666664,158.66666666666666,145.33333333333334,69.299995,30.5,83.903336,304.0
2021-03-01 21:33:00+00:00,582,60.666666666666664,60.0,146.66666666666666,127.33333333333333,73.53333,26.333334,102.81333,274.0
2021-03-01 21:34:00+00:00,582,61.0,60.0,159.33333333333334,135.33333333333334,72.4,27.45,105.729996,294.6666666666667
2021-03-01 21:35:00+00:00,582,60.666666666666664,60.666666666666664,160.66666666666666,143.33333333333334,65.86667,33.933334,98.659996,304.0
2021-03-01 21:36:00+00:00,582,60.666666666666664,60.0,156.0,139.33333333333334,73.350006,26.45,86.45333,295.33333333333337
2021-03-01 21:37:00+00:00,582,59.333333333333336,59.333333333333336,158.66666666666666,142.66666666666666,73.53333,26.300001,97.18,301.3333333333333
2021-03-01 21:38:00+00:00,582,59.0,58.333333333333336,158.66666666666666,141.33333333333334,68.13333,31.666666,99.916664,300.0
2021-03-01 21:39:00+00:00,582,58.333333333333336,57.666666666666664,155.33333333333334,142.66666666666666,72.8,27.0,114.56,298.0
2021-03-01 21:40:00+00:00,582,56.666666666666664,57.0,135.33333333333334,116.0,69.63334,30.166666,101.125,251.33333333333334
2021-03-01 21:41:00+00:00,582,56.666666666666664,57.333333333333336,156.0,135.33333333333334,74.35,25.5,90.30667,291.33333333333337
2021-03-01 21:42:00+00:00,582,57.666666666666664,57.333333333333336,151.33333333333334,130.66666666666666,71.03333,28.800001,89.46334,282.0
2021-03-01 21:43:00+00:00,582,57.0,57.666666666666664,172.0,140.66666666666666,73.76666,26.033333,100.549995,312.66666666666663
2021-03-01 21:44:00+00:00,582,57.333333333333336,57.0,156.66666666666666,139.33333333333334,65.299995,34.433334,96.39,296.0
2021-03-01 21:45:00+00:00,582,56.666666666666664,57.666666666666664,156.66666666666666,142.0,71.299995,28.5,92.33667,298.66666666666663
2021-03-01 21:46:00+00:00,582,58.0,57.0,160.0,144.0,73.333336,26.5,91.854996,304.0
2021-03-01 21:47:00+00:00,582,55.666666666666664,57.666666666666664,158.0,143.33333333333334,70.5,29.300001,88.20333,301.33333333333337
2021-03-01 21:48:00+00:00,582,57.0,56.666666666666664,153.33333333333334,138.0,67.333336,32.533333,90.915,291.33333333333337
2021-03-01 21:49:00+00:00,582,56.0,57.0,161.33333333333334,143.33333333333334,73.6,26.233335,88.68333,304.6666666666667
2021-03-01 21:50:00+00:00,582,57.666666666666664,57.333333333333336,160.0,138.66666666666666,71.333336,28.433334,94.024994,298.66666666666663
2021-03-01 21:51:00+00:00,582,57.666666666666664,58.333333333333336,156.66666666666666,133.33333333333334,71.9,27.966665,94.293335,290.0
2021-03-01 21:52:00+00:00,582,58.666666666666664,58.666666666666664,159.33333333333334,143.33333333333334,70.299995,29.533333,94.92,302.6666666666667
2021-03-01 21:53:00+00:00,582,58.333333333333336,59.0,158.0,134.66666666666666,73.63333,26.199999,100.26666,292.66666666666663
2021-03-01 21:54:00+00:00,582,59.0,58.333333333333336,159.33333333333334,142.66666666666666,66.13333,33.5,89.340004,302.0
2021-03-01 21:55:00+00:00,582,58.333333333333336,59.0,157.33333333333334,140.66666666666666,72.63333,27.166666,98.78333,298.0
2021-03-01 21:56:00+00:00,582,59.0,59.0,157.33333333333334,140.66666666666666,72.1,27.733332,89.30334,298.0
2021-03-01 21:57:00+00:00,582,58.666666666666664,57.666666666666664,155.33333333333334,140.0,74.8,25.1,96.880005,295.33333333333337
2021-03-01 21:58:00+00:00,582,58.333333333333336,57.666666666666664,178.66666666666666,161.33333333333334,69.56667,30.266668,86.420006,340.0
2021-03-01 21:59:00+00:00,582,58.333333333333336,57.666666666666664,158.66666666666666,146.0,76.166664,23.633333,94.013336,304.66666666666663
2021-03-01 22:00:00+00:00,582,56.333333333333336,57.666666666666664,155.33333333333334,133.33333333333334,70.36667,29.4,75.1,288.6666666666667
2021-03-01 22:01:00+00:00,582,58.0,58.666666666666664,159.33333333333334,146.66666666666666,73.566666,26.299997,84.986664,306.0
2021-03-01 22:02:00+00:00,582,58.666666666666664,58.0,159.33333333333334,143.33333333333334,67.7,32.100002,90.12667,302.6666666666667
2021-03-01 22:03:00+00:00,582,59.666666666666664,58.666666666666664,159.33333333333334,147.33333333333334,74.833336,24.966667,97.55334,306.6666666666667
2021-03-01 22:04:00+00:00,582,59.0,59.333333333333336,160.0,140.0,70.6,29.066666,100.32001,300.0
2021-03-01 22:05:00+00:00,582,59.0,59.333333333333336,153.33333333333334,139.33333333333334,70.25,29.6,88.655,292.6666666666667
2021-03-01 22:06:00+00:00,582,59.333333333333336,58.333333333333336,159.33333333333334,146.66666666666666,71.63333,28.166666,81.17333,306.0
2021-03-01 22:07:00+00:00,582,59.0,59.0,160.0,142.66666666666666,75.0,24.8,101.82667,302.66666666666663
2021-03-01 22:08:00+00:00,582,59.0,58.0,162.0,141.33333333333334,66.5,33.3,89.04,303.33333333333337
2021-03-01 22:09:00+00:00,582,58.0,59.0,180.66666666666666,148.0,73.46667,26.4,88.40667,328.66666666666663
2021-03-01 22:10:00+00:00,582,57.666666666666664,58.0,146.66666666666666,132.66666666666666,67.166664,32.6,97.94333,279.3333333333333
2021-03-01 22:11:00+00:00,582,57.666666666666664,57.666666666666664,158.0,144.66666666666666,72.0,27.833334,90.270004,302.66666666666663
2021-03-01 22:12:00+00:00,582,58.333333333333336,57.666666666666664,155.33333333333334,136.0,73.333336,26.5,92.02,291.33333333333337
2021-03-01 22:13:00+00:00,582,57.666666666666664,58.0,158.0,134.0,70.066666,29.766665,90.17667,292.0
2021-03-01 22:14:00+00:00,582,58.333333333333336,58.0,158.66666666666666,147.33333333333334,71.7,28.150002,82.85333,306.0
2021-03-01 22:15:00+00:00,582,58.333333333333336,57.666666666666664,162.0,144.0,73.700005,26.133333,83.723335,306.0
2021-03-01 22:16:00+00:00,582,58.333333333333336,58.333333333333336,150.0,134.66666666666666,66.333336,33.36667,87.81333,284.66666666666663
2021-03-01 22:17:00+00:00,582,57.666666666666664,58.0,160.0,140.66666666666666,71.899994,27.85,95.634995,300.66666666666663
2021-03-01 22:18:00+00:00,582,58.0,58.0,156.66666666666666,139.33333333333334,73.0,26.800001,90.58667,296.0
2021-03-01 22:19:00+00:00,582,58.333333333333336,56.666666666666664,157.33333333333334,143.33333333333334,69.200005,30.633331,90.92,300.6666666666667
2021-03-01 22:20:00+00:00,582,58.666666666666664,59.0,158.0,139.33333333333334,73.05,26.75,88.095,297.33333333333337
2021-03-01 22:21:00+00:00,582,59.0,58.666666666666664,156.66666666666666,135.33333333333334,73.525,26.275,89.08667,292.0
2021-03-01 22:22:00+00:00,582,59.0,59.666666666666664,136.66666666666666,124.66666666666667,68.333336,31.533333,90.095,261.3333333333333
2021-03-01 22:23:00+00:00,582,58.0,59.333333333333336,152.0,140.66666666666666,68.649994,31.15,82.18,292.66666666666663
2021-03-01 22:24:00+00:00,582,58.666666666666664,58.333333333333336,166.0,143.33333333333334,72.200005,27.6,85.23667,309.33333333333337
2021-03-01 22:25:00+00:00,582,58.666666666666664,58.666666666666664,155.33333333333334,137.33333333333334,72.200005,27.700003,83.68,292.6666666666667
2021-03-01 22:26:00+00:00,582,57.666666666666664,58.0,154.66666666666666,140.0,77.5,22.3,83.236664,294.66666666666663
2021-03-01 22:27:00+00:00,582,57.666666666666664,57.666666666666664,158.66666666666666,144.66666666666666,69.1,30.7,88.513336,303.3333333333333
2021-03-01 22:28:00+00:00,582,58.333333333333336,57.333333333333336,160.66666666666666,140.66666666666666,70.0,29.733332,93.88999,301.3333333333333
2021-03-01 22:29:00+00:00,582,58.0,57.0,153.33333333333334,134.66666666666666,66.666664,33.133335,80.56333,288.0
2021-03-01 22:30:00+00:00,582,58.666666666666664,57.666666666666664,157.33333333333334,142.66666666666666,72.933334,26.866667,94.43333,300.0
2021-03-01 22:31:00+00:00,582,58.0,58.0,156.66666666666666,136.66666666666666,69.76666,30.066666,111.89667,293.3333333333333
2021-03-01 22:32:00+00:00,582,58.333333333333336,57.666666666666664,156.66666666666666,132.0,72.6,27.233332,113.1,288.66666666666663
2021-03-01 22:33:00+00:00,582,58.333333333333336,57.666666666666664,150.66666666666666,143.33333333333334,72.13333,27.699999,105.60667,294.0
2021-03-01 22:34:00+00:00,582,56.666666666666664,58.0,156.0,128.0,70.799995,29.033335,95.18667,284.0
2021-03-01 22:35:00+00:00,582,58.666666666666664,58.0,158.66666666666666,144.0,71.7,28.099998,92.30666,302.66666666666663
2021-03-01 22:36:00+00:00,582,58.0,57.666666666666664,156.0,142.0,72.666664,27.166666,91.80667,298.0
2021-03-01 22:37:00+00:00,582,58.666666666666664,58.0,156.0,138.0,69.566666,30.200003,88.19,294.0
2021-03-01 22:38:00+00:00,582,58.666666666666664,58.0,156.0,134.66666666666666,72.73333,27.099998,93.37667,290.66666666666663
2021-03-01 22:39:00+00:00,582,58.0,58.0,158.66666666666666,139.33333333333334,69.03333,30.733332,91.07,298.0
2021-03-01 22:40:00+00:00,582,59.0,58.333333333333336,152.0,133.33333333333334,64.13333,35.566666,75.81,285.33333333333337
2021-03-01 22:41:00+00:00,582,59.0,58.333333333333336,160.66666666666666,143.33333333333334,70.8,29.0,80.755005,304.0
2021-03-01 22:42:00+00:00,582,58.666666666666664,58.333333333333336,158.66666666666666,142.0,73.166664,26.633333,85.6,300.66666666666663
2021-03-01 22:43:00+00:00,582,58.666666666666664,57.0,160.66666666666666,143.33333333333334,69.9,29.933334,92.14667,304.0
2021-03-01 22:44:00+00:00,582,59.666666666666664,58.666666666666664,162.0,139.33333333333334,70.63333,29.199999,103.67667,301.33333333333337
2021-03-01 22:45:00+00:00,582,59.666666666666664,57.666666666666664,149.33333333333334,128.0,70.36667,29.433334,90.485,277.33333333333337
2021-03-01 22:46:00+00:00,582,59.333333333333336,58.666666666666664,176.66666666666666,157.33333333333334,73.6,26.233332,76.67667,334.0
2021-03-01 22:47:00+00:00,582,59.333333333333336,59.333333333333336,166.66666666666666,138.0,71.7,28.1,97.206665,304.66666666666663
2021-03-01 22:48:00+00:00,582,59.333333333333336,58.0,169.33333333333334,139.33333333333334,68.200005,31.566666,91.65333,308.6666666666667
2021-03-01 22:49:00+00:00,582,60.333333333333336,58.333333333333336,154.66666666666666,139.33333333333334,71.93333,27.9,87.73,294.0
2021-03-01 22:50:00+00:00,582,56.333333333333336,58.666666666666664,158.66666666666666,146.0,75.2,24.6,87.854996,304.66666666666663
2021-03-01 22:51:00+00:00,582,58.333333333333336,58.0,156.66666666666666,137.33333333333334,64.76667,34.933334,91.079994,294.0
2021-03-01 22:52:00+00:00,582,59.0,57.333333333333336,158.66666666666666,140.66666666666666,71.26667,28.533335,90.07333,299.3333333333333
2021-03-01 22:53:00+00:00,582,59.0,57.666666666666664,149.33333333333334,134.0,74.23334,25.566666,92.98,283.33333333333337
2021-03-01 22:54:00+00:00,582,59.0,58.666666666666664,158.0,138.66666666666666,62.65,37.1,91.54667,296.66666666666663
2021-03-01 22:55:00+00:00,582,59.333333333333336,59.0,159.33333333333334,138.66666666666666,73.26667,26.533333,84.585,298.0
2021-03-01 22:56:00+00:00,582,60.0,59.333333333333336,160.66666666666666,140.66666666666666,74.26667,25.566668,96.71667,301.3333333333333
2021-03-01 22:57:00+00:00,582,60.0,59.666666666666664,148.66666666666666,134.0,67.299995,32.5,97.65,282.66666666666663
2021-03-01 22:58:00+00:00,582,61.0,60.333333333333336,159.33333333333334,143.33333333333334,71.96667,27.9,101.07333,302.6666666666667
2021-03-01 22:59:00+00:00,582,62.0,61.0,157.33333333333334,137.33333333333334,73.45,26.400002,87.15,294.6666666666667
2021-03-01 23:00:00+00:00,582,59.666666666666664,61.0,157.33333333333334,136.66666666666666,69.5,30.233332,100.265,294.0
2021-03-01 23:01:00+00:00,582,60.666666666666664,61.333333333333336,160.0,140.0,71.700005,28.1,97.89667,300.0
2021-03-01 23:02:00+00:00,582,61.666666666666664,61.333333333333336,159.33333333333334,138.66666666666666,73.933334,25.800001,108.706665,298.0
2021-03-01 23:03:00+00:00,582,62.0,60.666666666666664,160.66666666666666,144.66666666666666,65.666664,34.2,87.20333,305.3333333333333
2021-03-01 23:04:00+00:00,582,60.666666666666664,61.0,162.0,144.66666666666666,70.73333,29.1,90.333336,306.66666666666663
2021-03-01 23:05:00+00:00,582,60.333333333333336,60.666666666666664,153.33333333333334,141.33333333333334,69.4,30.4,87.0,294.6666666666667
2021-03-01 23:06:00+00:00,582,61.0,60.0,161.33333333333334,146.0,70.25,29.55,90.67999,307.33333333333337
2021-03-01 23:07:00+00:00,582,61.333333333333336,60.0,160.0,138.66666666666666,72.63333,27.200003,100.72,298.66666666666663
2021-03-01 23:08:00+00:00,582,61.0,61.0,158.0,135.33333333333334,73.0,26.849998,103.57333,293.33333333333337
2021-03-01 23:09:00+00:00,582,61.0,60.333333333333336,152.66666666666666,132.0,71.5,28.333334,113.95,284.66666666666663
2021-03-01 23:10:00+00:00,582,60.666666666666664,60.0,158.66666666666666,138.66666666666666,71.06667,28.766668,107.915,297.3333333333333
2021-03-01 23:11:00+00:00,582,61.0,61.0,157.33333333333334,138.0,74.0,25.800001,98.986664,295.33333333333337
2021-03-01 23:12:00+00:00,582,60.666666666666664,59.666666666666664,160.0,140.66666666666666,68.96667,30.866667,95.86667,300.66666666666663
2021-03-01 23:13:00+00:00,582,60.0,60.333333333333336,158.66666666666666,138.0,69.2,30.6,96.63333,296.66666666666663
2021-03-01 23:14:00+00:00,582,59.666666666666664,60.0,156.0,141.33333333333334,72.73333,27.1,105.75666,297.33333333333337
2021-03-01 23:15:00+00:00,582,61.666666666666664,60.333333333333336,158.0,138.66666666666666,64.03333,35.666668,89.753334,296.66666666666663
2021-03-01 23:16:00+00:00,582,61.0,60.333333333333336,160.66666666666666,140.66666666666666,69.200005,30.6,83.04667,301.3333333333333
2021-03-01 23:17:00+00:00,582,60.666666666666664,60.0,160.0,148.66666666666666,71.933334,27.866667,89.81667,308.66666666666663
2021-03-01 23:18:00+00:00,582,60.666666666666664,60.0,152.66666666666666,134.66666666666666,67.0,32.86667,86.71,287.3333333333333
2021-03-01 23:19:00+00:00,582,59.333333333333336,60.0,160.66666666666666,144.0,71.8,27.95,94.549995,304.66666666666663
2021-03-01 23:20:00+00:00,582,60.0,60.0,148.66666666666666,126.66666666666667,72.96667,26.833334,94.41333,275.3333333333333
2021-03-01 23:21:00+00:00,582,60.333333333333336,60.0,136.0,120.66666666666667,69.23333,30.6,93.11001,256.6666666666667
2021-03-01 23:22:00+00:00,582,60.666666666666664,59.333333333333336,162.66666666666666,135.33333333333334,73.53333,26.300001,92.61667,298.0
2021-03-01 23:23:00+00:00,582,59.666666666666664,59.0,156.0,136.0,76.1,23.75,112.450005,292.0
2021-03-01 23:24:00+00:00,582,59.666666666666664,59.333333333333336,159.33333333333334,137.33333333333334,71.75,28.1,114.35,296.6666666666667
2021-03-01 23:25:00+00:00,582,60.0,58.666666666666664,161.33333333333334,142.66666666666666,64.066666,35.7,95.775,304.0
2021-03-01 23:26:00+00:00,582,59.666666666666664,59.0,159.33333333333334,140.66666666666666,72.066666,27.799997,99.58667,300.0
2021-03-01 23:27:00+00:00,582,59.333333333333336,59.333333333333336,157.33333333333334,140.0,69.15,30.7,89.73,297.33333333333337
2021-03-01 23:28:00+00:00,582,58.0,58.0,154.0,144.0,73.36667,26.5,95.51666,298.0
2021-03-01 23:29:00+00:00,582,57.333333333333336,58.0,138.66666666666666,122.66666666666667,69.700005,30.1,95.793335,261.3333333333333
2021-03-01 23:30:00+00:00,582,59.666666666666664,59.666666666666664,159.33333333333334,145.33333333333334,72.03333,27.800001,101.5,304.6666666666667
2021-03-01 23:31:00+00:00,582,58.666666666666664,58.666666666666664,157.33333333333334,144.0,73.96667,25.833334,96.09,301.33333333333337
2021-03-01 23:32:00+00:00,582,60.666666666666664,60.0,158.66666666666666,143.33333333333334,71.649994,28.150002,91.95,302.0
2021-03-01 23:33:00+00:00,582,61.0,61.0,158.0,140.0,70.299995,29.466667,90.753334,298.0
2021-03-01 23:34:00+00:00,582,61.0,60.666666666666664,158.66666666666666,146.0,73.200005,26.466667,93.17334,304.66666666666663
2021-03-01 23:35:00+00:00,582,60.0,60.0,160.66666666666666,139.33333333333334,64.799995,34.966663,92.56,300.0
2021-03-01 23:36:00+00:00,582,60.333333333333336,60.0,156.66666666666666,135.33333333333334,71.8,28.0,91.743324,292.0
2021-03-01 23:37:00+00:00,582,60.666666666666664,59.666666666666664,159.33333333333334,147.33333333333334,70.700005,29.133333,86.793335,306.6666666666667
2021-03-01 23:38:00+00:00,582,59.666666666666664,59.0,162.66666666666666,146.0,72.13333,27.666666,84.729996,308.66666666666663
2021-03-01 23:39:00+00:00,582,59.333333333333336,59.333333333333336,162.0,140.66666666666666,75.36667,24.466667,95.170006,302.66666666666663
2021-03-01 23:40:00+00:00,582,59.0,59.0,160.66666666666666,146.0,68.26667,31.5,98.57666,306.66666666666663
2021-03-01 23:41:00+00:00,582,60.333333333333336,60.0,151.33333333333334,126.0,73.5,26.333334,94.630005,277.33333333333337
2021-03-01 23:42:00+00:00,582,60.333333333333336,60.333333333333336,159.33333333333334,141.33333333333334,71.26666,28.599998,89.729996,300.6666666666667
2021-03-01 23:43:00+00:00,582,61.333333333333336,60.0,162.66666666666666,144.66666666666666,72.05,27.75,96.28666,307.3333333333333
2021-03-01 23:44:00+00:00,582,61.666666666666664,61.666666666666664,162.0,142.66666666666666,68.46667,31.233332,96.77,304.66666666666663
2021-03-01 23:45:00+00:00,582,61.0,61.333333333333336,162.0,158.0,72.433334,27.4,99.72,320.0
2021-03-01 23:46:00+00:00,582,61.666666666666664,61.0,156.0,142.0,68.200005,31.666666,99.18333,298.0
2021-03-01 23:47:00+00:00,582,61.666666666666664,61.333333333333336,161.33333333333334,146.66666666666666,77.06667,22.800001,99.585,308.0
2021-03-01 23:48:00+00:00,582,61.333333333333336,60.666666666666664,164.0,146.0,70.299995,29.5,81.30334,310.0
2021-03-01 23:49:00+00:00,582,61.0,60.666666666666664,155.33333333333334,134.66666666666666,71.0,28.800001,80.1,290.0
2021-03-01 23:50:00+00:00,582,62.333333333333336,61.0,157.33333333333334,136.66666666666666,70.9,28.866667,98.06,294.0
2021-03-01 23:51:00+00:00,582,62.333333333333336,62.333333333333336,162.66666666666666,143.33333333333334,70.299995,29.466667,93.854996,306.0
2021-03-01 23:52:00+00:00,582,64.0,64.0,176.66666666666666,149.33333333333334,63.766666,36.033333,87.19,326.0
2021-03-01 23:53:00+00:00,582,65.0,63.333333333333336,162.0,147.33333333333334,74.86667,24.966667,97.533325,309.33333333333337
2021-03-01 23:54:00+00:00,582,65.0,62.333333333333336,167.33333333333334,147.33333333333334,74.0,25.800001,98.04,314.6666666666667
2021-03-01 23:55:00+00:00,582,65.0,63.333333333333336,162.0,142.0,64.5,35.300003,97.88999,304.0
2021-03-01 23:56:00+00:00,582,64.0,63.0,164.0,135.33333333333334,73.55,26.3,98.205,299.33333333333337
2021-03-01 23:57:00+00:00,582,63.666666666666664,62.666666666666664,170.66666666666666,149.33333333333334,75.86667,23.933334,98.32,320.0
2021-03-01 23:58:00+00:00,582,63.333333333333336,60.333333333333336,161.33333333333334,146.0,66.799995,32.966667,83.723335,307.33333333333337
2021-03-01 23:59:00+00:00,582,63.666666666666664,62.0,156.66666666666666,138.0,73.1,26.733332,92.235,294.66666666666663
2021-03-02 00:00:00+00:00,582,62.666666666666664,62.0,150.66666666666666,136.0,66.1,33.7,95.31333,286.66666666666663
2021-03-02 00:01:00+00:00,582,62.666666666666664,61.666666666666664,154.0,139.33333333333334,75.433334,24.366667,104.44,293.33333333333337
2021-03-02 00:02:00+00:00,582,63.0,59.0,161.33333333333334,146.66666666666666,69.43333,30.366667,94.96667,308.0
2021-03-02 00:03:00+00:00,582,62.666666666666664,62.0,161.33333333333334,144.0,68.73333,31.0,93.363335,305.33333333333337
2021-03-02 00:04:00+00:00,582,62.666666666666664,61.666666666666664,161.33333333333334,144.0,69.73334,30.033333,90.159996,305.33333333333337
2021-03-02 00:05:00+00:00,582,62.666666666666664,62.0,159.33333333333334,143.33333333333334,72.55,27.25,102.21334,302.6666666666667
2021-03-02 00:06:00+00:00,582,63.333333333333336,61.666666666666664,162.66666666666666,148.0,70.03333,29.800001,96.97,310.66666666666663
2021-03-02 00:07:00+00:00,582,63.0,62.0,161.33333333333334,142.66666666666666,72.166664,27.699999,96.10333,304.0
2021-03-02 00:08:00+00:00,582,63.333333333333336,61.666666666666664,146.66666666666666,134.0,73.333336,26.433334,85.88999,280.66666666666663
2021-03-02 00:09:00+00:00,582,63.333333333333336,62.666666666666664,160.0,142.66666666666666,69.03333,30.800001,80.08,302.66666666666663
2021-03-02 00:10:00+00:00,582,63.0,63.0,158.0,140.0,73.166664,26.666666,91.41333,298.0
2021-03-02 00:11:00+00:00,582,64.0,61.0,156.66666666666666,148.66666666666666,72.96667,26.866667,105.706665,305.3333333333333
2021-03-02 00:12:00+00:00,582,63.666666666666664,62.666666666666664,164.0,151.33333333333334,71.200005,28.6,103.155,315.33333333333337
2021-03-02 00:13:00+00:00,582,62.333333333333336,61.666666666666664,162.66666666666666,144.66666666666666,73.26667,26.566666,107.37667,307.3333333333333
2021-03-02 00:14:00+00:00,582,61.666666666666664,61.666666666666664,157.33333333333334,138.66666666666666,63.866665,35.833332,102.56,296.0
2021-03-02 00:15:00+00:00,582,60.666666666666664,60.0,160.0,144.0,74.700005,25.133331,90.82,304.0
2021-03-02 00:16:00+00:00,582,59.666666666666664,58.333333333333336,160.0,144.66666666666666,71.200005,28.599998,97.65333,304.66666666666663
2021-03-02 00:17:00+00:00,582,58.333333333333336,57.666666666666664,160.66666666666666,142.66666666666666,75.36667,24.466667,105.695,303.3333333333333
2021-03-02 00:18:00+00:00,582,58.333333333333336,57.666666666666664,158.0,144.0,68.566666,31.266668,95.79667,302.0
2021-03-02 00:19:00+00:00,582,57.333333333333336,57.333333333333336,140.66666666666666,124.66666666666667,72.1,27.699999,102.29667,265.3333333333333
2021-03-02 00:20:00+00:00,582,56.666666666666664,56.666666666666664,157.33333333333334,136.0,72.8,27.0,87.369995,293.33333333333337
2021-03-02 00:21:00+00:00,582,56.333333333333336,56.0,156.0,142.66666666666666,75.9,23.849998,89.77,298.66666666666663
2021-03-02 00:22:00+00:00,582,56.0,55.333333333333336,154.66666666666666,132.0,68.666664,31.166666,103.54667,286.66666666666663
2021-03-02 00:23:00+00:00,582,54.666666666666664,56.333333333333336,152.0,144.66666666666666,76.333336,23.533333,102.895004,296.66666666666663
2021-03-02 00:24:00+00:00,582,53.0,55.333333333333336,156.0,144.66666666666666,70.36667,29.433334,95.75,300.66666666666663
2021-03-02 00:25:00+00:00,582,53.666666666666664,53.333333333333336,146.0,120.66666666666667,67.53333,32.166668,88.525,266.6666666666667
2021-03-02 00:26:00+00:00,582,53.666666666666664,54.333333333333336,154.0,134.66666666666666,71.75,28.05,83.61667,288.66666666666663
2021-03-02 00:27:00+00:00,582,52.333333333333336,53.666666666666664,156.0,140.66666666666666,75.9,24.0,93.41,296.66666666666663
2021-03-02 00:28:00+00:00,582,52.0,52.666666666666664,153.33333333333334,143.33333333333334,67.9,31.9,91.215,296.6666666666667
2021-03-02 00:29:00+00:00,582,51.0,53.0,168.66666666666666,143.33333333333334,74.26667,25.6,94.795,312.0
2021-03-02 00:30:00+00:00,582,50.333333333333336,52.0,154.0,140.66666666666666,72.55,27.25,102.7,294.66666666666663
2021-03-02 00:31:00+00:00,582,50.666666666666664,50.0,143.33333333333334,122.0,70.9,28.933334,88.71,265.33333333333337
2021-03-02 00:32:00+00:00,582,49.333333333333336,50.333333333333336,149.33333333333334,135.33333333333334,74.0,25.849998,109.41,284.6666666666667
2021-03-02 00:33:00+00:00,582,50.0,51.333333333333336,152.66666666666666,138.0,70.96667,28.800001,96.09,290.66666666666663
2021-03-02 00:34:00+00:00,582,49.0,51.0,150.0,136.0,71.566666,28.299997,90.3,286.0
2021-03-02 00:35:00+00:00,582,49.333333333333336,50.0,148.66666666666666,136.66666666666666,72.1,27.7,102.53,285.3333333333333
2021-03-02 00:36:00+00:00,582,50.0,49.666666666666664,150.0,138.66666666666666,72.5,27.300001,93.955,288.66666666666663
2021-03-02 00:37:00+00:00,582,49.666666666666664,49.666666666666664,153.33333333333334,138.0,66.799995,32.933334,90.575,291.33333333333337
2021-03-02 00:38:00+00:00,582,48.666666666666664,49.666666666666664,151.33333333333334,136.66666666666666,71.63333,28.166666,100.755005,288.0
2021-03-02 00:39:00+00:00,582,48.333333333333336,49.666666666666664,152.0,145.33333333333334,70.36667,29.433334,101.43,297.33333333333337
2021-03-02 00:40:00+00:00,582,48.666666666666664,50.666666666666664,154.66666666666666,138.66666666666666,75.700005,24.133333,92.56,293.3333333333333
2021-03-02 00:41:00+00:00,582,48.333333333333336,49.333333333333336,150.66666666666666,132.0,66.75,33.05,96.21,282.66666666666663
2021-03-02 00:42:00+00:00,582,48.666666666666664,50.0,158.0,134.0,69.799995,29.966665,94.37667,292.0
2021-03-02 00:43:00+00:00,582,48.333333333333336,49.333333333333336,150.0,140.0,73.13333,26.666666,88.079994,290.0
2021-03-02 00:44:00+00:00,582,49.0,48.666666666666664,129.33333333333334,114.66666666666667,67.63333,32.166668,85.44333,244.0
2021-03-02 00:45:00+00:00,582,48.333333333333336,49.666666666666664,142.66666666666666,110.0,74.333336,25.5,86.39,252.66666666666666
2021-03-02 00:46:00+00:00,582,48.666666666666664,48.0,152.0,140.66666666666666,68.86667,30.966667,87.22,292.66666666666663
2021-03-02 00:47:00+00:00,582,48.666666666666664,49.333333333333336,152.66666666666666,132.66666666666666,73.200005,26.466667,98.05,285.3333333333333
2021-03-02 00:48:00+00:00,582,51.0,51.666666666666664,155.33333333333334,140.0,66.4,33.399998,98.785,295.33333333333337
2021-03-02 00:49:00+00:00,582,52.333333333333336,54.0,156.66666666666666,138.0,74.4,25.4,103.405,294.66666666666663
2021-03-02 00:50:00+00:00,582,55.333333333333336,55.666666666666664,154.66666666666666,143.33333333333334,71.933334,27.9,97.00666,298.0
2021-03-02 00:51:00+00:00,582,56.0,56.666666666666664,156.66666666666666,144.0,68.299995,31.533335,90.51666,300.66666666666663
2021-03-02 00:52:00+00:00,582,57.333333333333336,57.0,156.66666666666666,139.33333333333334,72.46667,27.333334,100.82333,296.0
2021-03-02 00:53:00+00:00,582,58.0,58.0,158.0,142.66666666666666,70.73334,29.1,90.36,300.66666666666663
2021-03-02 00:54:00+00:00,582,58.666666666666664,58.333333333333336,154.66666666666666,144.0,73.4,26.4,105.770004,298.66666666666663
2021-03-02 00:55:00+00:00,582,59.0,58.333333333333336,154.66666666666666,140.66666666666666,65.200005,34.5,88.81,295.3333333333333
2021-03-02 00:56:00+00:00,582,59.0,59.0,160.0,143.33333333333334,75.26667,24.566666,79.950005,303.33333333333337
2021-03-02 00:57:00+00:00,582,60.0,58.0,159.33333333333334,142.0,67.46667,32.333332,86.425,301.33333333333337
2021-03-02 00:58:00+00:00,582,60.666666666666664,59.333333333333336,164.0,147.33333333333334,73.76667,26.033333,96.833336,311.33333333333337
2021-03-02 00:59:00+00:00,582,60.333333333333336,59.0,165.33333333333334,140.0,71.166664,28.699999,99.645004,305.33333333333337
2021-03-02 01:00:00+00:00,582,60.666666666666664,60.0,160.66666666666666,140.66666666666666,73.23334,26.566666,110.46334,301.3333333333333
2021-03-02 01:01:00+00:00,582,61.333333333333336,60.333333333333336,172.66666666666666,143.33333333333334,72.13333,27.733332,104.613335,316.0
2021-03-02 01:02:00+00:00,582,60.666666666666664,59.666666666666664,160.0,146.66666666666666,72.03333,27.766668,99.763336,306.66666666666663
2021-03-02 01:03:00+00:00,582,60.666666666666664,59.333333333333336,160.0,147.33333333333334,71.700005,28.0,93.36667,307.33333333333337
2021-03-02 01:04:00+00:00,582,60.666666666666664,60.0,154.0,142.66666666666666,67.13333,32.7,80.503334,296.66666666666663
2021-03-02 01:05:00+00:00,582,59.333333333333336,60.0,151.33333333333334,132.66666666666666,74.8,25.05,92.69666,284.0
2021-03-02 01:06:00+00:00,582,60.333333333333336,60.666666666666664,161.33333333333334,148.0,73.73334,26.133333,106.955,309.33333333333337
2021-03-02 01:07:00+00:00,582,61.333333333333336,60.0,160.0,146.0,68.96667,30.833334,92.74334,306.0
2021-03-02 01:08:00+00:00,582,61.333333333333336,60.333333333333336,155.33333333333334,130.66666666666666,70.850006,28.95,89.206665,286.0
2021-03-02 01:09:00+00:00,582,61.0,60.333333333333336,159.33333333333334,128.66666666666666,73.0,26.866667,96.81,288.0
2021-03-02 01:10:00+00:00,582,61.0,59.333333333333336,160.0,143.33333333333334,71.46667,28.333334,98.659996,303.33333333333337
2021-03-02 01:11:00+00:00,582,61.333333333333336,60.333333333333336,160.66666666666666,146.66666666666666,71.36667,28.466667,103.19334,307.3333333333333
2021-03-02 01:12:00+00:00,582,61.333333333333336,60.666666666666664,159.33333333333334,139.33333333333334,70.26667,29.533333,89.840004,298.6666666666667
2021-03-02 01:13:00+00:00,582,60.0,60.666666666666664,161.33333333333334,147.33333333333334,70.4,29.4,78.863335,308.6666666666667
2021-03-02 01:14:00+00:00,582,61.666666666666664,60.333333333333336,158.66666666666666,142.66666666666666,73.76667,26.033333,99.565,301.3333333333333
2021-03-02 01:15:00+00:00,582,60.666666666666664,61.666666666666664,161.33333333333334,144.0,65.6,34.13333,95.62667,305.33333333333337
2021-03-02 01:16:00+00:00,582,61.333333333333336,60.333333333333336,161.33333333333334,140.66666666666666,71.26667,28.466667,91.263336,302.0
2021-03-02 01:17:00+00:00,582,61.666666666666664,61.0,162.0,140.66666666666666,75.05,24.8,101.45,302.66666666666663
2021-03-02 01:18:00+00:00,582,61.333333333333336,61.0,156.0,133.33333333333334,70.4,29.466665,91.333336,289.33333333333337
2021-03-02 01:19:00+00:00,582,62.333333333333336,61.0,162.66666666666666,143.33333333333334,66.600006,33.25,93.61001,306.0
2021-03-02 01:20:00+00:00,582,59.333333333333336,61.0,160.66666666666666,138.66666666666666,67.13333,32.63333,82.51667,299.3333333333333
2021-03-02 01:21:00+00:00,582,61.333333333333336,61.0,162.0,143.33333333333334,75.4,24.433334,81.020004,305.33333333333337
2021-03-02 01:22:00+00:00,582,61.333333333333336,60.0,158.66666666666666,135.33333333333334,72.166664,27.666666,74.746666,294.0
2021-03-02 01:23:00+00:00,582,62.0,61.333333333333336,161.33333333333334,140.66666666666666,67.95,31.849998,70.82,302.0
2021-03-02 01:24:00+00:00,582,61.333333333333336,61.333333333333336,158.0,134.0,73.96667,25.833334,92.333336,292.0
2021-03-02 01:25:00+00:00,582,61.0,61.666666666666664,159.33333333333334,138.66666666666666,70.53333,29.133333,95.77334,298.0
2021-03-02 01:26:00+00:00,582,61.666666666666664,61.666666666666664,161.33333333333334,140.66666666666666,70.833336,29.033333,86.786674,302.0
2021-03-02 01:27:00+00:00,582,62.0,61.333333333333336,155.33333333333334,142.66666666666666,74.86667,24.966667,84.97,298.0
2021-03-02 01:28:00+00:00,582,62.0,61.0,172.66666666666666,163.33333333333334,71.93333,27.9,77.666664,336.0
2021-03-02 01:29:00+00:00,582,62.666666666666664,61.666666666666664,159.33333333333334,142.0,66.55,33.25,83.380005,301.33333333333337
2021-03-02 01:30:00+00:00,582,61.666666666666664,61.0,160.66666666666666,147.33333333333334,73.175,26.599998,85.6825,308.0
2021-03-02 01:31:00+00:00,582,62.0,60.666666666666664,160.66666666666666,145.33333333333334,74.73333,25.1,84.013336,306.0
2021-03-02 01:32:00+00:00,582,61.666666666666664,61.333333333333336,162.0,138.0,64.149994,35.7,75.625,300.0
2021-03-02 01:33:00+00:00,582,61.666666666666664,61.666666666666664,160.0,140.0,72.63333,27.166666,78.299995,300.0
2021-03-02 01:34:00+00:00,582,62.0,61.666666666666664,160.66666666666666,145.33333333333334,74.166664,25.633333,91.625,306.0
2021-03-02 01:35:00+00:00,582,62.0,61.666666666666664,162.0,142.66666666666666,70.833336,29.0,97.26,304.66666666666663
2021-03-02 01:36:00+00:00,582,62.0,61.0,162.0,144.0,72.1,27.699999,94.113335,306.0
2021-03-02 01:37:00+00:00,582,62.0,61.333333333333336,161.33333333333334,150.66666666666666,73.9,25.9,86.41333,312.0
2021-03-02 01:38:00+00:00,582,62.0,61.666666666666664,162.0,145.33333333333334,64.4,35.266666,80.700005,307.33333333333337
2021-03-02 01:39:00+00:00,582,62.0,60.333333333333336,161.33333333333334,141.33333333333334,73.25,26.599998,98.05,302.6666666666667
2021-03-02 01:40:00+00:00,582,61.333333333333336,59.333333333333336,159.33333333333334,138.0,74.03333,25.800001,101.579994,297.33333333333337
2021-03-02 01:41:00+00:00,582,61.666666666666664,60.0,161.33333333333334,145.33333333333334,69.63333,30.166666,92.085,306.6666666666667
2021-03-02 01:42:00+00:00,582,61.666666666666664,61.666666666666664,160.66666666666666,150.66666666666666,72.333336,27.5,86.604996,311.3333333333333
2021-03-02 01:43:00+00:00,582,61.333333333333336,62.0,157.33333333333334,141.33333333333334,72.56667,27.266668,90.78333,298.6666666666667
2021-03-02 01:44:00+00:00,582,62.666666666666664,60.666666666666664,147.33333333333334,130.0,68.066666,31.700003,95.42,277.33333333333337
2021-03-02 01:45:00+00:00,582,59.0,62.0,159.33333333333334,142.0,74.066666,25.733332,98.17334,301.33333333333337
2021-03-02 01:46:00+00:00,582,62.0,59.333333333333336,162.66666666666666,143.33333333333334,73.0,26.800001,87.78333,306.0
2021-03-02 01:47:00+00:00,582,61.666666666666664,61.0,146.66666666666666,132.66666666666666,70.333336,29.533333,95.59333,279.3333333333333
2021-03-02 01:48:00+00:00,582,62.666666666666664,61.333333333333336,160.66666666666666,146.0,73.666664,26.133333,90.490005,306.66666666666663
2021-03-02 01:49:00+00:00,582,62.333333333333336,61.666666666666664,158.66666666666666,142.66666666666666,71.9,27.9,96.76666,301.3333333333333
2021-03-02 01:50:00+00:00,582,61.666666666666664,61.333333333333336,158.66666666666666,142.0,71.55,28.2,99.149994,300.66666666666663
2021-03-02 01:51:00+00:00,582,62.333333333333336,61.0,164.0,141.33333333333334,63.333332,36.333332,88.54,305.33333333333337
2021-03-02 01:52:00+00:00,582,61.333333333333336,61.666666666666664,160.0,139.33333333333334,71.26667,28.533333,89.485,299.33333333333337
2021-03-02 01:53:00+00:00,582,61.666666666666664,61.333333333333336,158.66666666666666,142.0,72.23334,27.6,92.80666,300.66666666666663
2021-03-02 01:54:00+00:00,582,60.666666666666664,60.333333333333336,152.0,136.66666666666666,71.899994,28.0,103.575,288.66666666666663
2021-03-02 01:55:00+00:00,582,62.333333333333336,61.333333333333336,160.0,144.0,72.066666,27.699999,87.350006,304.0
2021-03-02 01:56:00+00:00,582,62.333333333333336,61.0,158.66666666666666,142.0,71.166664,28.666666,100.993324,300.66666666666663
2021-03-02 01:57:00+00:00,582,62.0,61.666666666666664,156.66666666666666,139.33333333333334,72.666664,27.166666,101.62667,296.0
2021-03-02 01:58:00+00:00,582,62.333333333333336,62.0,151.33333333333334,112.0,69.0,30.800001,93.636665,263.33333333333337
2021-03-02 01:59:00+00:00,582,62.0,62.333333333333336,161.33333333333334,144.66666666666666,72.5,27.333334,90.47333,306.0
2021-03-02 02:00:00+00:00,582,61.333333333333336,61.333333333333336,177.33333333333334,144.66666666666666,70.6,29.199999,96.65667,322.0
2021-03-02 02:01:00+00:00,582,62.333333333333336,61.333333333333336,159.33333333333334,140.0,77.45,22.4,92.543335,299.33333333333337
2021-03-02 02:02:00+00:00,582,62.333333333333336,60.666666666666664,158.66666666666666,137.33333333333334,70.13333,29.700003,99.72,296.0
2021-03-02 02:03:00+00:00,582,62.0,60.666666666666664,160.0,140.66666666666666,70.4,29.300001,106.53333,300.66666666666663
2021-03-02 02:04:00+00:00,582,61.333333333333336,61.333333333333336,127.33333333333333,116.0,71.666664,28.133333,88.39,243.33333333333331
2021-03-02 02:05:00+00:00,582,61.0,61.0,162.0,148.0,73.4,26.4,87.99,310.0
2021-03-02 02:06:00+00:00,582,61.666666666666664,61.333333333333336,159.33333333333334,146.66666666666666,69.0,30.833334,82.55666,306.0
2021-03-02 02:07:00+00:00,582,62.333333333333336,61.333333333333336,165.33333333333334,143.33333333333334,72.96667,26.799997,89.69,308.6666666666667
2021-03-02 02:08:00+00:00,582,61.333333333333336,61.0,162.0,141.33333333333334,70.96667,28.866667,98.86,303.33333333333337
2021-03-02 02:09:00+00:00,582,62.0,61.666666666666664,162.66666666666666,141.33333333333334,72.46667,27.366667,101.583336,304.0
2021-03-02 02:10:00+00:00,582,61.666666666666664,61.0,177.33333333333334,144.66666666666666,72.35,27.55,100.799995,322.0
2021-03-02 02:11:00+00:00,582,62.0,61.333333333333336,161.33333333333334,143.33333333333334,70.0,29.866669,88.630005,304.6666666666667
2021-03-02 02:12:00+00:00,582,62.333333333333336,61.333333333333336,161.33333333333334,142.0,69.85,29.8,93.65,303.33333333333337
2021-03-02 02:13:00+00:00,582,62.0,61.333333333333336,150.0,132.0,67.63333,32.166668,83.825,282.0
2021-03-02 02:14:00+00:00,582,62.0,61.333333333333336,171.33333333333334,142.66666666666666,71.833336,28.0,73.03,314.0
2021-03-02 02:15:00+00:00,582,61.333333333333336,61.333333333333336,159.33333333333334,142.0,69.63333,30.233332,87.00666,301.33333333333337
2021-03-02 02:16:00+00:00,582,61.666666666666664,61.0,138.66666666666666,120.66666666666667,75.299995,24.533333,81.99334,259.3333333333333
2021-03-02 02:17:00+00:00,582,61.666666666666664,60.333333333333336,158.66666666666666,141.33333333333334,62.266666,37.566666,89.455,300.0
2021-03-02 02:18:00+00:00,582,61.0,61.0,156.0,139.33333333333334,74.76666,25.033333,106.81667,295.33333333333337
2021-03-02 02:19:00+00:00,582,62.333333333333336,61.0,160.0,142.0,66.0,33.733334,117.793335,302.0
2021-03-02 02:20:00+00:00,582,62.0,61.666666666666664,170.66666666666666,146.0,74.13333,25.666666,99.56,316.66666666666663
2021-03-02 02:21:00+00:00,582,61.666666666666664,59.666666666666664,160.66666666666666,150.66666666666666,70.26667,29.533333,85.32,311.3333333333333
2021-03-02 02:22:00+00:00,582,62.0,60.666666666666664,161.33333333333334,144.0,71.4,28.4,84.75,305.33333333333337
2021-03-02 02:23:00+00:00,582,62.0,62.0,160.66666666666666,144.0,75.63333,24.166666,93.19,304.66666666666663
2021-03-02 02:24:00+00:00,582,62.0,60.0,159.33333333333334,141.33333333333334,69.333336,30.5,85.503334,300.6666666666667
2021-03-02 02:25:00+00:00,582,61.666666666666664,60.666666666666664,162.0,143.33333333333334,68.86667,30.866667,90.299995,305.33333333333337
2021-03-02 02:26:00+00:00,582,61.333333333333336,60.666666666666664,160.66666666666666,141.33333333333334,71.95,27.900002,99.05,302.0
2021-03-02 02:27:00+00:00,582,62.0,61.666666666666664,172.0,147.33333333333334,70.333336,29.466667,102.94,319.33333333333337
2021-03-02 02:28:00+00:00,582,62.0,62.333333333333336,160.0,143.33333333333334,75.43333,24.366667,113.34,303.33333333333337
2021-03-02 02:29:00+00:00,582,61.666666666666664,61.666666666666664,163.33333333333334,143.33333333333334,69.0,30.833334,96.05001,306.6666666666667
2021-03-02 02:30:00+00:00,582,62.0,62.0,158.0,142.0,76.3,23.5,80.945,300.0
2021-03-02 02:31:00+00:00,582,62.0,61.333333333333336,158.66666666666666,146.66666666666666,66.700005,33.100002,83.274994,305.3333333333333
2021-03-02 02:32:00+00:00,582,62.0,60.666666666666664,161.33333333333334,147.33333333333334,74.425,25.375,85.4,308.6666666666667
2021-03-02 02:33:00+00:00,582,62.0,61.666666666666664,162.0,142.66666666666666,66.95,32.9,85.0,304.66666666666663
2021-03-02 02:34:00+00:00,582,62.0,61.333333333333336,138.66666666666666,116.0,72.166664,27.533333,92.40667,254.66666666666666
2021-03-02 02:35:00+00:00,582,62.0,62.333333333333336,154.0,128.66666666666666,69.4,30.4,97.44334,282.66666666666663
2021-03-02 02:36:00+00:00,582,61.666666666666664,61.666666666666664,142.66666666666666,124.0,68.600006,31.15,98.56333,266.66666666666663
2021-03-02 02:37:00+00:00,582,62.333333333333336,61.333333333333336,163.33333333333334,146.0,73.1,26.7,104.04667,309.33333333333337
2021-03-02 02:38:00+00:00,582,62.333333333333336,61.666666666666664,162.66666666666666,140.0,71.4,28.4,96.369995,302.66666666666663
2021-03-02 02:39:00+00:00,582,62.333333333333336,61.333333333333336,158.0,138.66666666666666,72.666664,27.166666,84.136665,296.66666666666663
2021-03-02 02:40:00+00:00,582,61.333333333333336,61.666666666666664,158.66666666666666,137.33333333333334,70.56667,29.233332,86.753334,296.0
2021-03-02 02:41:00+00:00,582,62.0,62.0,162.0,141.33333333333334,71.7,27.95,94.08667,303.33333333333337
2021-03-02 02:42:00+00:00,582,62.0,61.333333333333336,158.0,138.0,66.200005,33.600002,95.33,296.0
2021-03-02 02:43:00+00:00,582,62.0,61.333333333333336,164.0,146.0,71.700005,28.133333,86.405,310.0
2021-03-02 02:44:00+00:00,582,61.666666666666664,61.666666666666664,164.66666666666666,138.66666666666666,70.13333,29.699999,79.195,303.3333333333333
2021-03-02 02:45:00+00:00,582,62.0,61.333333333333336,161.33333333333334,142.0,72.63333,27.199999,85.9,303.33333333333337
2021-03-02 02:46:00+00:00,582,62.333333333333336,61.333333333333336,153.33333333333334,128.66666666666666,74.95,24.85,93.135,282.0
2021-03-02 02:47:00+00:00,582,60.666666666666664,62.0,161.33333333333334,142.0,68.350006,31.45,91.17,303.33333333333337
2021-03-02 02:48:00+00:00,582,61.666666666666664,61.0,163.33333333333334,144.66666666666666,72.333336,27.466665,97.805,308.0
2021-03-02 02:49:00+00:00,582,62.333333333333336,61.666666666666664,158.66666666666666,136.0,73.26667,26.533333,100.57667,294.66666666666663
2021-03-02 02:50:00+00:00,582,62.666666666666664,61.333333333333336,158.0,144.66666666666666,70.933334,28.866669,104.39667,302.66666666666663
2021-03-02 02:51:00+00:00,582,61.666666666666664,61.666666666666664,162.0,140.0,70.13333,29.666666,97.263336,302.0
2021-03-02 02:52:00+00:00,582,61.666666666666664,61.333333333333336,157.33333333333334,133.33333333333334,73.93333,25.866667,83.416664,290.6666666666667
2021-03-02 02:53:00+00:00,582,62.666666666666664,61.0,160.0,138.66666666666666,66.56667,33.133335,82.77,298.66666666666663
2021-03-02 02:54:00+00:00,582,62.0,61.0,162.0,145.33333333333334,71.13333,28.666666,97.579994,307.33333333333337
2021-03-02 02:55:00+00:00,582,61.333333333333336,61.666666666666664,160.66666666666666,146.0,74.4,25.433334,96.35667,306.66666666666663
2021-03-02 02:56:00+00:00,582,61.333333333333336,61.333333333333336,160.66666666666666,142.66666666666666,70.833336,29.0,94.670006,303.3333333333333
2021-03-02 02:57:00+00:00,582,61.333333333333336,61.0,158.0,138.0,71.149994,28.65,91.33667,296.0
2021-03-02 02:58:00+00:00,582,62.0,60.333333333333336,161.33333333333334,140.66666666666666,72.36667,27.466667,107.79,302.0
2021-03-02 02:59:00+00:00,582,62.0,60.666666666666664,161.33333333333334,143.33333333333334,70.5,29.299997,88.72,304.6666666666667
2021-03-02 03:00:00+00:00,582,61.666666666666664,62.0,167.33333333333334,144.0,72.200005,27.566666,96.33667,311.33333333333337
2021-03-02 03:01:00+00:00,582,61.666666666666664,61.666666666666664,162.0,137.33333333333334,72.73334,27.066666,88.85,299.33333333333337
2021-03-02 03:02:00+00:00,582,62.333333333333336,61.666666666666664,159.33333333333334,138.66666666666666,72.9,26.9,100.695,298.0
2021-03-02 03:03:00+00:00,582,62.0,61.333333333333336,159.33333333333334,138.66666666666666,70.36667,29.466667,94.34333,298.0
2021-03-02 03:04:00+00:00,582,61.333333333333336,62.0,162.66666666666666,141.33333333333334,73.6,26.199999,91.619995,304.0
2021-03-02 03:05:00+00:00,582,62.0,61.666666666666664,162.0,138.66666666666666,65.86667,33.733334,94.78333,300.66666666666663
2021-03-02 03:06:00+00:00,582,60.666666666666664,61.0,151.33333333333334,129.33333333333334,72.65,27.099998,93.13333,280.6666666666667
2021-03-02 03:07:00+00:00,582,62.0,62.0,151.33333333333334,130.0,73.5,26.333334,86.43333,281.33333333333337
2021-03-02 03:08:00+00:00,582,62.666666666666664,61.666666666666664,160.0,145.33333333333334,71.73333,28.1,81.725,305.33333333333337
2021-03-02 03:09:00+00:00,582,62.666666666666664,61.333333333333336,158.0,142.0,69.333336,30.5,91.48334,300.0
2021-03-02 03:10:00+00:00,582,61.333333333333336,61.0,162.0,140.66666666666666,73.76667,26.0,89.24,302.66666666666663
2021-03-02 03:11:00+00:00,582,62.333333333333336,62.0,157.33333333333334,138.0,69.46667,30.366669,95.666664,295.33333333333337
2021-03-02 03:12:00+00:00,582,60.666666666666664,60.333333333333336,162.0,144.66666666666666,76.566666,23.300001,101.14667,306.66666666666663
2021-03-02 03:13:00+00:00,582,61.333333333333336,61.0,150.66666666666666,134.0,72.26667,27.533333,106.72666,284.66666666666663
2021-03-02 03:14:00+00:00,582,62.0,60.666666666666664,155.33333333333334,132.0,64.05,35.75,102.509995,287.33333333333337
2021-03-02 03:15:00+00:00,582,62.0,60.666666666666664,160.66666666666666,144.66666666666666,73.36667,26.433334,91.293335,305.3333333333333
2021-03-02 03:16:00+00:00,582,62.0,61.666666666666664,162.0,145.33333333333334,70.36667,29.300001,84.565,307.33333333333337
2021-03-02 03:17:00+00:00,582,62.333333333333336,60.666666666666664,158.0,142.66666666666666,68.03333,31.800001,79.97,300.66666666666663
2021-03-02 03:18:00+00:00,582,62.666666666666664,60.666666666666664,162.66666666666666,140.66666666666666,73.46667,26.366667,89.69334,303.3333333333333
2021-03-02 03:19:00+00:00,582,60.0,61.666666666666664,158.66666666666666,129.33333333333334,74.26667,25.533335,99.86,288.0
2021-03-02 03:20:00+00:00,582,61.0,61.333333333333336,161.33333333333334,145.33333333333334,69.933334,29.9,106.02,306.6666666666667
2021-03-02 03:21:00+00:00,582,62.333333333333336,61.333333333333336,161.33333333333334,146.0,75.53333,24.266668,98.996666,307.33333333333337
2021-03-02 03:22:00+00:00,582,62.666666666666664,61.666666666666664,157.33333333333334,140.0,67.566666,32.266666,101.105,297.33333333333337
2021-03-02 03:23:00+00:00,582,62.333333333333336,61.333333333333336,148.0,128.66666666666666,77.066666,22.766668,98.30001,276.66666666666663
2021-03-02 03:24:00+00:00,582,62.0,61.0,160.0,138.66666666666666,68.666664,31.166666,94.89333,298.66666666666663
2021-03-02 03:25:00+00:00,582,61.666666666666664,61.0,163.33333333333334,144.0,65.05,34.65,85.225,307.33333333333337
2021-03-02 03:26:00+00:00,582,61.666666666666664,61.0,150.0,128.66666666666666,71.03333,28.766668,82.35667,278.66666666666663
2021-03-02 03:27:00+00:00,582,61.333333333333336,61.0,159.33333333333334,140.66666666666666,75.799995,24.066666,104.82667,300.0
2021-03-02 03:28:00+00:00,582,62.666666666666664,61.0,162.66666666666666,150.66666666666666,68.73334,31.066666,89.24,313.3333333333333
2021-03-02 03:29:00+00:00,582,61.333333333333336,61.333333333333336,161.33333333333334,138.66666666666666,73.4,26.466667,93.90667,300.0
2021-03-02 03:30:00+00:00,582,62.0,60.666666666666664,162.66666666666666,140.0,70.96667,28.833334,102.486664,302.66666666666663
2021-03-02 03:31:00+00:00,582,61.333333333333336,61.0,161.33333333333334,139.33333333333334,72.833336,27.0,96.47666,300.6666666666667
2021-03-02 03:32:00+00:00,582,61.666666666666664,60.666666666666664,158.0,139.33333333333334,71.850006,27.9,100.19501,297.33333333333337
2021-03-02 03:33:00+00:00,582,60.666666666666664,61.0,160.66666666666666,142.0,71.3,28.550001,87.89,302.66666666666663
2021-03-02 03:34:00+00:00,582,62.0,61.333333333333336,157.33333333333334,141.33333333333334,73.6,26.233332,87.33667,298.6666666666667
2021-03-02 03:35:00+00:00,582,61.666666666666664,61.333333333333336,160.66666666666666,141.33333333333334,71.45,28.35,80.43,302.0
2021-03-02 03:36:00+00:00,582,61.666666666666664,61.333333333333336,159.33333333333334,142.0,64.5,35.2,87.0,301.33333333333337
2021-03-02 03:37:00+00:00,582,62.0,60.0,185.33333333333334,163.33333333333334,71.6,28.199999,94.69999,348.6666666666667
2021-03-02 03:38:00+00:00,582,61.666666666666664,61.0,157.33333333333334,134.66666666666666,73.666664,26.133333,91.363335,292.0
2021-03-02 03:39:00+00:00,582,61.0,61.666666666666664,159.33333333333334,143.33333333333334,69.36667,30.433334,94.81,302.6666666666667
2021-03-02 03:40:00+00:00,582,62.0,61.0,152.66666666666666,134.66666666666666,73.26667,26.533333,107.57,287.3333333333333
2021-03-02 03:41:00+00:00,582,62.333333333333336,61.666666666666664,169.33333333333334,134.66666666666666,70.23334,29.633331,95.736664,304.0
2021-03-02 03:42:00+00:00,582,61.333333333333336,61.333333333333336,154.66666666666666,141.33333333333334,71.46667,28.333334,92.85333,296.0
2021-03-02 03:43:00+00:00,582,61.0,61.0,159.33333333333334,145.33333333333334,71.200005,28.633331,86.39333,304.6666666666667
2021-03-02 03:44:00+00:00,582,62.0,61.666666666666664,155.33333333333334,142.66666666666666,72.85,27.0,84.815,298.0
2021-03-02 03:45:00+00:00,582,62.333333333333336,62.0,158.0,142.66666666666666,66.799995,32.933334,89.54667,300.66666666666663
2021-03-02 03:46:00+00:00,582,62.333333333333336,61.333333333333336,160.66666666666666,146.66666666666666,71.65,28.15,80.21,307.3333333333333
2021-03-02 03:47:00+00:00,582,61.666666666666664,61.333333333333336,160.66666666666666,144.0,65.3,34.5,89.75,304.66666666666663
2021-03-02 03:48:00+00:00,582,62.0,61.666666666666664,160.66666666666666,146.0,69.05,30.85,90.28333,306.66666666666663
2021-03-02 03:49:00+00:00,582,61.333333333333336,62.0,160.0,144.0,69.26667,30.633333,87.28,304.0
2021-03-02 03:50:00+00:00,582,61.0,60.666666666666664,160.0,141.33333333333334,74.299995,25.533333,94.38333,301.33333333333337
2021-03-02 03:51:00+00:00,582,61.333333333333336,61.0,156.66666666666666,136.66666666666666,69.95,29.900002,90.93,293.3333333333333
2021-03-02 03:52:00+00:00,582,61.0,61.333333333333336,160.66666666666666,146.66666666666666,71.0,28.800001,93.64333,307.3333333333333
2021-03-02 03:53:00+00:00,582,61.0,61.333333333333336,160.0,148.0,68.55,31.05,91.965,308.0
2021-03-02 03:54:00+00:00,582,62.333333333333336,61.666666666666664,161.33333333333334,142.0,70.3,29.55,96.875,303.33333333333337
2021-03-02 03:55:00+00:00,582,62.0,61.333333333333336,161.33333333333334,144.0,71.9,27.866667,97.496666,305.33333333333337
2021-03-02 03:56:00+00:00,582,62.333333333333336,61.333333333333336,161.33333333333334,144.66666666666666,72.93333,26.933334,91.079994,306.0
2021-03-02 03:57:00+00:00,582,61.0,61.333333333333336,148.66666666666666,126.0,72.933334,26.9,91.579994,274.66666666666663
2021-03-02 03:58:00+00:00,582,61.666666666666664,61.0,161.33333333333334,142.0,71.56667,28.266668,91.54667,303.33333333333337
2021-03-02 03:59:00+00:00,582,62.333333333333336,61.666666666666664,162.66666666666666,138.0,73.433334,26.4,98.055,300.66666666666663
2021-03-02 04:00:00+00:00,582,61.666666666666664,61.333333333333336,161.33333333333334,139.33333333333334,74.1,25.7,114.293335,300.6666666666667
2021-03-02 04:01:00+00:00,582,60.333333333333336,61.0,153.33333333333334,134.66666666666666,66.46667,33.3,105.87667,288.0
2021-03-02 04:02:00+00:00,582,61.666666666666664,61.0,160.66666666666666,138.0,71.13333,28.700003,102.75,298.66666666666663
2021-03-02 04:03:00+00:00,582,61.666666666666664,61.333333333333336,158.0,152.66666666666666,72.833336,26.966667,93.60667,310.66666666666663
2021-03-02 04:04:00+00:00,582,61.333333333333336,62.333333333333336,149.33333333333334,138.0,75.36667,24.466667,99.729996,287.33333333333337
2021-03-02 04:05:00+00:00,582,62.333333333333336,61.333333333333336,170.66666666666666,147.33333333333334,68.03333,31.800001,101.79667,318.0
2021-03-02 04:06:00+00:00,582,62.333333333333336,62.0,161.33333333333334,143.33333333333334,72.833336,27.0,97.89667,304.6666666666667
2021-03-02 04:07:00+00:00,582,62.0,62.333333333333336,155.33333333333334,138.0,69.46667,30.233332,90.88333,293.33333333333337
2021-03-02 04:08:00+00:00,582,62.0,62.333333333333336,166.66666666666666,142.66666666666666,71.833336,28.033333,97.753334,309.3333333333333
2021-03-02 04:09:00+00:00,582,62.0,61.333333333333336,160.66666666666666,144.66666666666666,72.299995,27.5,102.115005,305.3333333333333
2021-03-02 04:10:00+00:00,582,62.333333333333336,61.666666666666664,162.0,148.0,71.6,28.133333,95.81,310.0
2021-03-02 04:11:00+00:00,582,62.333333333333336,61.666666666666664,158.66666666666666,142.66666666666666,69.73334,30.066666,96.14667,301.3333333333333
2021-03-02 04:12:00+00:00,582,62.0,61.666666666666664,161.33333333333334,146.0,77.700005,22.199999,95.41333,307.33333333333337
2021-03-02 04:13:00+00:00,582,61.666666666666664,61.666666666666664,158.66666666666666,137.33333333333334,66.95,32.85,90.455,296.0
2021-03-02 04:14:00+00:00,582,62.333333333333336,62.0,156.66666666666666,142.66666666666666,73.13333,26.566666,88.1,299.3333333333333
2021-03-02 04:15:00+00:00,582,62.333333333333336,60.666666666666664,161.33333333333334,142.0,67.76667,32.0,93.87,303.33333333333337
2021-03-02 04:16:00+00:00,582,60.666666666666664,61.333333333333336,158.66666666666666,144.0,68.05,31.8,97.246666,302.66666666666663
2021-03-02 04:17:00+00:00,582,62.0,61.0,162.0,145.33333333333334,72.36667,27.466667,87.97666,307.33333333333337
2021-03-02 04:18:00+00:00,582,61.333333333333336,61.0,159.33333333333334,140.66666666666666,72.63333,27.233332,105.28333,300.0
2021-03-02 04:19:00+00:00,582,61.0,61.666666666666664,160.0,144.0,72.200005,27.6,116.37667,304.0
2021-03-02 04:20:00+00:00,582,61.666666666666664,61.666666666666664,162.0,148.0,70.86667,28.933334,100.49334,310.0
2021-03-02 04:21:00+00:00,582,62.0,61.0,146.0,130.66666666666666,72.6,27.233332,99.705,276.66666666666663
2021-03-02 04:22:00+00:00,582,62.0,61.0,178.0,152.0,71.200005,28.6,93.03333,330.0
2021-03-02 04:23:00+00:00,582,61.333333333333336,61.666666666666664,163.33333333333334,144.66666666666666,74.5,25.25,94.07667,308.0
2021-03-02 04:24:00+00:00,582,61.666666666666664,60.666666666666664,160.66666666666666,153.33333333333334,67.6,32.233334,88.74,314.0
2021-03-02 04:25:00+00:00,582,62.333333333333336,61.333333333333336,160.0,142.66666666666666,71.53333,28.299997,93.335,302.66666666666663
2021-03-02 04:26:00+00:00,582,62.0,61.0,159.33333333333334,141.33333333333334,72.166664,27.6,103.35667,300.6666666666667
2021-03-02 04:27:00+00:00,582,61.666666666666664,61.333333333333336,162.0,144.66666666666666,70.86666,28.933334,90.96334,306.66666666666663
2021-03-02 04:28:00+00:00,582,61.666666666666664,61.0,163.33333333333334,145.33333333333334,72.4,27.466667,102.61667,308.6666666666667
2021-03-02 04:29:00+00:00,582,61.666666666666664,62.0,160.0,137.33333333333334,72.63334,27.133333,90.13999,297.33333333333337
2021-03-02 04:30:00+00:00,582,62.0,61.333333333333336,180.66666666666666,154.66666666666666,69.86667,29.9,82.96333,335.3333333333333
2021-03-02 04:31:00+00:00,582,61.333333333333336,60.666666666666664,162.0,161.33333333333334,70.3,29.5,83.44,323.33333333333337
2021-03-02 04:32:00+00:00,582,62.666666666666664,61.333333333333336,160.66666666666666,144.66666666666666,71.666664,28.166666,87.35,305.3333333333333
2021-03-02 04:33:00+00:00,582,62.0,61.666666666666664,164.0,141.33333333333334,70.4,29.433334,99.47,305.33333333333337
2021-03-02 04:34:00+00:00,582,61.666666666666664,61.666666666666664,159.33333333333334,133.33333333333334,74.0,25.8,110.25,292.6666666666667
2021-03-02 04:35:00+00:00,582,62.333333333333336,61.666666666666664,157.33333333333334,139.33333333333334,68.13333,31.6,105.78666,296.6666666666667
2021-03-02 04:36:00+00:00,582,62.333333333333336,61.666666666666664,158.0,140.66666666666666,72.5,27.300001,96.02334,298.66666666666663
2021-03-02 04:37:00+00:00,582,62.0,61.666666666666664,160.66666666666666,150.66666666666666,73.93333,25.9,94.950005,311.3333333333333
2021-03-02 04:38:00+00:00,582,61.333333333333336,61.0,154.0,119.33333333333333,67.5,32.3,94.36001,273.3333333333333
2021-03-02 04:39:00+00:00,582,62.0,61.666666666666664,154.0,132.0,69.25,30.55,86.805,286.0
2021-03-02 04:40:00+00:00,582,61.666666666666664,62.0,168.0,152.0,71.63333,28.200003,87.045,320.0
2021-03-02 04:41:00+00:00,582,62.0,61.0,161.33333333333334,146.66666666666666,73.200005,26.666666,100.950005,308.0
2021-03-02 04:42:00+00:00,582,62.333333333333336,61.333333333333336,162.0,136.66666666666666,71.200005,28.633333,107.386665,298.66666666666663
2021-03-02 04:43:00+00:00,582,61.666666666666664,61.0,160.66666666666666,140.66666666666666,73.55,26.25,96.58,301.3333333333333
2021-03-02 04:44:00+00:00,582,60.0,62.0,168.0,148.66666666666666,72.9,26.866667,92.09333,316.66666666666663
2021-03-02 04:45:00+00:00,582,62.0,61.333333333333336,154.0,131.33333333333334,69.96667,29.833334,102.4,285.33333333333337
2021-03-02 04:46:00+00:00,582,61.666666666666664,61.0,160.0,141.33333333333334,72.0,27.699999,96.003334,301.33333333333337
2021-03-02 04:47:00+00:00,582,61.333333333333336,61.666666666666664,158.0,141.33333333333334,68.73334,31.099998,89.97,299.33333333333337
2021-03-02 04:48:00+00:00,582,62.333333333333336,61.333333333333336,160.66666666666666,145.33333333333334,72.299995,27.533333,92.746666,306.0
2021-03-02 04:49:00+00:00,582,61.666666666666664,61.333333333333336,163.33333333333334,145.33333333333334,71.166664,28.633333,95.61667,308.6666666666667
2021-03-02 04:50:00+00:00,582,61.333333333333336,61.333333333333336,170.0,142.66666666666666,72.53333,27.266668,96.299995,312.66666666666663
2021-03-02 04:51:00+00:00,582,62.666666666666664,61.0,164.0,145.33333333333334,70.6,29.266668,97.72666,309.33333333333337
2021-03-02 04:52:00+00:00,582,62.0,59.333333333333336,157.33333333333334,138.0,73.96667,25.733332,85.54667,295.33333333333337
2021-03-02 04:53:00+00:00,582,61.333333333333336,60.666666666666664,164.66666666666666,144.0,66.566666,33.2,83.566666,308.66666666666663
2021-03-02 04:54:00+00:00,582,61.333333333333336,61.333333333333336,157.33333333333334,138.0,73.850006,26.0,96.42,295.33333333333337
2021-03-02 04:55:00+00:00,582,62.0,61.0,164.0,145.33333333333334,70.200005,29.633333,99.579994,309.33333333333337
2021-03-02 04:56:00+00:00,582,62.333333333333336,60.666666666666664,162.0,142.0,69.46667,30.233332,95.695,304.0
2021-03-02 04:57:00+00:00,582,61.666666666666664,61.0,160.0,139.33333333333334,71.333336,28.5,86.67,299.33333333333337
2021-03-02 04:58:00+00:00,582,62.0,61.333333333333336,158.0,135.33333333333334,69.799995,30.0,93.32667,293.33333333333337
2021-03-02 04:59:00+00:00,582,62.0,61.333333333333336,150.0,133.33333333333334,74.46667,25.366667,89.81333,283.33333333333337
2021-03-02 05:00:00+00:00,582,61.666666666666664,60.666666666666664,162.66666666666666,143.33333333333334,68.43333,31.166666,95.1,306.0
2021-03-02 05:01:00+00:00,582,62.0,61.333333333333336,162.0,142.0,75.76667,24.033333,96.16333,304.0
2021-03-02 05:02:00+00:00,582,61.666666666666664,61.666666666666664,156.0,137.33333333333334,69.933334,29.9,94.71667,293.33333333333337
2021-03-02 05:03:00+00:00,582,61.666666666666664,61.0,158.0,144.0,70.666664,29.166666,96.65333,302.0
2021-03-02 05:04:00+00:00,582,62.333333333333336,62.0,152.0,130.0,71.96667,27.733332,93.340004,282.0
2021-03-02 05:05:00+00:00,582,62.0,61.666666666666664,158.0,142.66666666666666,67.5,32.266666,92.73,300.66666666666663
2021-03-02 05:06:00+00:00,582,62.333333333333336,61.666666666666664,162.0,143.33333333333334,74.100006,25.7,94.41,305.33333333333337
2021-03-02 05:07:00+00:00,582,62.0,61.0,162.0,144.0,72.36667,27.433334,83.6,306.0
2021-03-02 05:08:00+00:00,582,62.333333333333336,61.666666666666664,160.0,143.33333333333334,73.4,26.433334,94.416664,303.33333333333337
2021-03-02 05:09:00+00:00,582,61.666666666666664,61.333333333333336,160.0,142.0,70.0,29.833334,90.65334,302.0
2021-03-02 05:10:00+00:00,582,62.333333333333336,61.333333333333336,161.33333333333334,141.33333333333334,73.5,26.300001,91.44,302.6666666666667
2021-03-02 05:11:00+00:00,582,61.666666666666664,61.0,158.0,141.33333333333334,67.26667,32.433334,90.79,299.33333333333337
2021-03-02 05:12:00+00:00,582,62.333333333333336,59.0,157.33333333333334,138.66666666666666,71.2,28.5,95.94,296.0
2021-03-02 05:13:00+00:00,582,61.333333333333336,62.0,159.33333333333334,146.0,71.700005,28.133333,88.51,305.33333333333337
2021-03-02 05:14:00+00:00,582,60.666666666666664,61.333333333333336,147.33333333333334,120.0,67.26667,32.533333,85.03667,267.33333333333337
2021-03-02 05:15:00+00:00,582,61.333333333333336,62.333333333333336,166.66666666666666,146.0,70.76667,29.066666,81.85,312.66666666666663
2021-03-02 05:16:00+00:00,582,62.0,61.0,162.66666666666666,144.66666666666666,69.9,29.800001,97.43,307.3333333333333
2021-03-02 05:17:00+00:00,582,62.0,61.333333333333336,162.0,143.33333333333334,65.433334,34.399998,92.31667,305.33333333333337
2021-03-02 05:18:00+00:00,582,61.333333333333336,61.333333333333336,160.66666666666666,138.0,72.9,26.933334,100.87333,298.66666666666663
2021-03-02 05:19:00+00:00,582,62.333333333333336,60.666666666666664,160.0,145.33333333333334,72.73333,27.066666,99.81333,305.33333333333337
2021-03-02 05:20:00+00:00,582,61.0,61.666666666666664,166.66666666666666,143.33333333333334,64.13333,35.6,101.635,310.0
2021-03-02 05:21:00+00:00,582,61.666666666666664,61.666666666666664,162.66666666666666,136.66666666666666,74.26666,25.533333,103.165,299.3333333333333
2021-03-02 05:22:00+00:00,582,62.666666666666664,61.333333333333336,162.0,140.0,69.26667,30.4,107.76333,302.0
2021-03-02 05:23:00+00:00,582,61.333333333333336,61.333333333333336,160.0,140.66666666666666,63.93333,35.866665,90.21334,300.66666666666663
2021-03-02 05:24:00+00:00,582,62.0,61.333333333333336,158.66666666666666,138.0,75.799995,24.033333,93.579994,296.66666666666663
2021-03-02 05:25:00+00:00,582,62.0,61.0,160.0,131.33333333333334,73.333336,26.5,88.630005,291.33333333333337
2021-03-02 05:26:00+00:00,582,61.0,60.666666666666664,141.33333333333334,130.0,69.03333,30.799997,85.94666,271.33333333333337
2021-03-02 05:27:00+00:00,582,62.0,61.0,162.0,147.33333333333334,70.4,29.433334,82.636665,309.33333333333337
2021-03-02 05:28:00+00:00,582,62.333333333333336,61.0,158.66666666666666,140.66666666666666,74.299995,25.433334,83.55334,299.3333333333333
2021-03-02 05:29:00+00:00,582,61.333333333333336,61.333333333333336,160.66666666666666,144.66666666666666,66.26666,33.566666,85.206665,305.3333333333333
2021-03-02 05:30:00+00:00,582,61.333333333333336,61.666666666666664,172.0,142.66666666666666,71.95,27.85,92.10667,314.66666666666663
2021-03-02 05:31:00+00:00,582,62.333333333333336,61.333333333333336,161.33333333333334,142.0,71.86667,27.966667,101.43333,303.33333333333337
2021-03-02 05:32:00+00:00,582,61.333333333333336,60.666666666666664,152.66666666666666,131.33333333333334,72.700005,27.1,113.59,284.0
2021-03-02 05:33:00+00:00,582,62.666666666666664,61.666666666666664,162.0,145.33333333333334,71.8,28.050001,94.57333,307.33333333333337
2021-03-02 05:34:00+00:00,582,62.333333333333336,61.333333333333336,162.0,150.66666666666666,71.6,28.1,90.5,312.66666666666663
2021-03-02 05:35:00+00:00,582,61.333333333333336,60.666666666666664,158.66666666666666,147.33333333333334,65.23334,34.533333,84.10999,306.0
2021-03-02 05:36:00+00:00,582,61.666666666666664,61.0,161.33333333333334,144.0,73.333336,26.466667,87.94,305.33333333333337
2021-03-02 05:37:00+00:00,582,61.333333333333336,61.666666666666664,162.0,137.33333333333334,71.200005,28.633333,92.39667,299.33333333333337
2021-03-02 05:38:00+00:00,582,62.0,61.333333333333336,154.0,137.33333333333334,74.1,25.699999,97.94666,291.33333333333337
2021-03-02 05:39:00+00:00,582,62.0,61.0,160.66666666666666,137.33333333333334,68.833336,30.966665,93.50666,298.0
2021-03-02 05:40:00+00:00,582,62.0,62.0,161.33333333333334,140.66666666666666,68.55,31.05,93.165,302.0
2021-03-02 05:41:00+00:00,582,60.333333333333336,61.0,160.0,137.33333333333334,67.73333,32.133335,87.975,297.33333333333337
2021-03-02 05:42:00+00:00,582,62.0,61.0,176.66666666666666,142.0,70.9,28.9,84.74,318.66666666666663
2021-03-02 05:43:00+00:00,582,61.666666666666664,61.333333333333336,160.0,142.0,71.5,28.4,90.2,302.0
2021-03-02 05:44:00+00:00,582,60.333333333333336,59.333333333333336,162.0,144.0,69.9,29.933334,93.31,306.0
2021-03-02 05:45:00+00:00,582,61.0,61.0,146.66666666666666,125.33333333333333,70.5,29.25,97.41,272.0
2021-03-02 05:46:00+00:00,582,61.333333333333336,61.666666666666664,138.0,118.0,71.03333,28.666666,96.079994,256.0
2021-03-02 05:47:00+00:00,582,61.333333333333336,59.666666666666664,160.66666666666666,138.66666666666666,69.55,30.3,89.74334,299.3333333333333
2021-03-02 05:48:00+00:00,582,62.666666666666664,61.0,159.33333333333334,138.66666666666666,71.55,28.3,80.80667,298.0
2021-03-02 05:49:00+00:00,582,62.0,61.0,161.33333333333334,140.66666666666666,68.4,31.4,82.12,302.0
2021-03-02 05:50:00+00:00,582,61.666666666666664,61.0,160.0,138.0,76.799995,23.066666,81.45333,298.0
2021-03-02 05:51:00+00:00,582,60.666666666666664,61.333333333333336,152.66666666666666,134.66666666666666,64.73333,35.066666,79.06,287.3333333333333
2021-03-02 05:52:00+00:00,582,61.666666666666664,61.333333333333336,160.66666666666666,144.66666666666666,72.86667,26.833334,85.57,305.3333333333333
2021-03-02 05:53:00+00:00,582,61.333333333333336,60.0,145.33333333333334,129.33333333333334,67.933334,31.9,83.340004,274.6666666666667
2021-03-02 05:54:00+00:00,582,60.666666666666664,60.333333333333336,159.33333333333334,156.0,71.26667,28.566666,83.85,315.33333333333337
2021-03-02 05:55:00+00:00,582,61.666666666666664,61.333333333333336,164.0,137.33333333333334,70.03333,29.866669,95.59333,301.33333333333337
2021-03-02 05:56:00+00:00,582,61.666666666666664,61.0,159.33333333333334,142.66666666666666,71.333336,28.466665,102.475,302.0
2021-03-02 05:57:00+00:00,582,61.333333333333336,61.0,163.33333333333334,144.66666666666666,69.8,30.05,102.363335,308.0
2021-03-02 05:58:00+00:00,582,61.333333333333336,61.666666666666664,159.33333333333334,138.0,73.63333,26.066666,105.14,297.33333333333337
2021-03-02 05:59:00+00:00,582,61.666666666666664,61.333333333333336,169.33333333333334,144.66666666666666,66.5,33.333332,95.723335,314.0
2021-03-02 06:00:00+00:00,582,61.333333333333336,60.666666666666664,150.66666666666666,134.66666666666666,71.03333,28.766668,111.15333,285.3333333333333
2021-03-02 06:01:00+00:00,582,59.666666666666664,61.0,147.33333333333334,130.66666666666666,73.4,26.433334,110.76,278.0
2021-03-02 06:02:00+00:00,582,60.666666666666664,61.666666666666664,155.33333333333334,132.66666666666666,71.666664,28.133331,88.97666,288.0
2021-03-02 06:03:00+00:00,582,61.333333333333336,60.666666666666664,168.0,145.33333333333334,70.833336,28.966667,83.223335,313.33333333333337
2021-03-02 06:04:00+00:00,582,62.0,60.333333333333336,158.66666666666666,140.66666666666666,73.76667,25.966667,87.503334,299.3333333333333
2021-03-02 06:05:00+00:00,582,61.666666666666664,60.666666666666664,166.0,153.33333333333334,68.433334,31.366667,94.513336,319.33333333333337
2021-03-02 06:06:00+00:00,582,61.666666666666664,60.666666666666664,161.33333333333334,142.66666666666666,69.26667,30.566666,98.29667,304.0
2021-03-02 06:07:00+00:00,582,61.0,61.0,156.0,138.66666666666666,73.200005,26.666666,107.85333,294.66666666666663
2021-03-02 06:08:00+00:00,582,61.0,60.666666666666664,154.66666666666666,132.66666666666666,69.13333,30.666666,107.845,287.3333333333333
2021-03-02 06:09:00+00:00,582,61.0,60.333333333333336,158.0,143.33333333333334,72.25,27.599998,96.950005,301.33333333333337
2021-03-02 06:10:00+00:00,582,61.333333333333336,61.0,163.33333333333334,143.33333333333334,70.8,28.8,89.90667,306.6666666666667
2021-03-02 06:11:00+00:00,582,60.666666666666664,60.333333333333336,144.0,125.33333333333333,67.700005,32.133335,84.335,269.3333333333333
2021-03-02 06:12:00+00:00,582,61.0,60.666666666666664,154.66666666666666,133.33333333333334,68.53333,31.300001,83.78333,288.0
2021-03-02 06:13:00+00:00,582,60.666666666666664,61.0,161.33333333333334,146.0,74.96667,24.866667,97.03333,307.33333333333337
2021-03-02 06:14:00+00:00,582,61.666666666666664,60.666666666666664,156.66666666666666,134.66666666666666,67.299995,32.5,94.003334,291.3333333333333
2021-03-02 06:15:00+00:00,582,60.333333333333336,60.666666666666664,148.66666666666666,132.0,74.46667,25.333334,103.619995,280.66666666666663
2021-03-02 06:16:00+00:00,582,60.666666666666664,59.333333333333336,160.66666666666666,142.66666666666666,68.23334,31.466667,104.64,303.3333333333333
2021-03-02 06:17:00+00:00,582,61.333333333333336,58.333333333333336,159.33333333333334,140.0,72.8,27.1,104.5,299.33333333333337
2021-03-02 06:18:00+00:00,582,61.0,61.0,160.0,137.33333333333334,74.75,25.05,94.76,297.33333333333337
2021-03-02 06:19:00+00:00,582,61.666666666666664,60.666666666666664,162.0,146.66666666666666,71.566666,28.233332,90.43333,308.66666666666663
2021-03-02 06:20:00+00:00,582,62.0,60.666666666666664,165.33333333333334,138.66666666666666,67.299995,32.466663,87.48334,304.0
2021-03-02 06:21:00+00:00,582,62.0,61.0,162.0,143.33333333333334,72.73334,27.1,91.21,305.33333333333337
2021-03-02 06:22:00+00:00,582,61.0,61.0,172.66666666666666,159.33333333333334,74.1,25.699999,82.9,332.0
2021-03-02 06:23:00+00:00,582,60.333333333333336,61.0,161.33333333333334,151.33333333333334,65.6,34.100002,91.69,312.6666666666667
2021-03-02 06:24:00+00:00,582,59.666666666666664,60.0,159.33333333333334,145.33333333333334,72.066666,27.766668,92.996666,304.6666666666667
2021-03-02 06:25:00+00:00,582,60.333333333333336,60.0,160.0,145.33333333333334,73.200005,26.6,90.479996,305.33333333333337
2021-03-02 06:26:00+00:00,582,61.0,60.333333333333336,161.33333333333334,146.66666666666666,71.433334,28.4,85.05666,308.0
2021-03-02 06:27:00+00:00,582,61.0,60.333333333333336,161.33333333333334,142.66666666666666,74.4,25.4,90.329994,304.0
2021-03-02 06:28:00+00:00,582,61.666666666666664,60.0,152.0,133.33333333333334,69.0,30.833334,84.67667,285.33333333333337
2021-03-02 06:29:00+00:00,582,61.333333333333336,61.0,159.33333333333334,138.66666666666666,68.6,31.233332,91.59333,298.0
2021-03-02 06:30:00+00:00,582,60.666666666666664,60.333333333333336,162.66666666666666,139.33333333333334,67.86666,31.866667,93.253334,302.0
2021-03-02 06:31:00+00:00,582,61.333333333333336,60.333333333333336,162.0,144.0,68.4,31.233335,96.613335,306.0
2021-03-02 06:32:00+00:00,582,59.666666666666664,60.666666666666664,166.66666666666666,142.66666666666666,70.833336,28.933334,84.28,309.3333333333333
2021-03-02 06:33:00+00:00,582,61.333333333333336,60.666666666666664,156.66666666666666,144.66666666666666,74.799995,25.066666,85.793335,301.3333333333333
2021-03-02 06:34:00+00:00,582,61.0,60.0,156.0,138.0,68.96667,30.800001,87.59,294.0
2021-03-02 06:35:00+00:00,582,61.0,61.0,162.0,145.33333333333334,69.45,30.3,93.46,307.33333333333337
2021-03-02 06:36:00+00:00,582,60.666666666666664,60.666666666666664,156.66666666666666,139.33333333333334,75.23333,24.566666,97.73,296.0
2021-03-02 06:37:00+00:00,582,61.333333333333336,61.0,163.33333333333334,144.66666666666666,64.96667,34.7,87.02334,308.0
2021-03-02 06:38:00+00:00,582,61.666666666666664,60.666666666666664,160.66666666666666,138.66666666666666,72.4,27.433334,88.845,299.3333333333333
2021-03-02 06:39:00+00:00,582,60.666666666666664,61.0,173.33333333333334,146.66666666666666,75.299995,24.5,82.88,320.0
2021-03-02 06:40:00+00:00,582,61.333333333333336,61.0,168.0,140.66666666666666,67.9,31.933334,83.21334,308.66666666666663
2021-03-02 06:41:00+00:00,582,60.0,60.666666666666664,150.66666666666666,131.33333333333334,72.200005,27.6,97.99334,282.0
2021-03-02 06:42:00+00:00,582,61.0,61.0,161.33333333333334,146.0,73.86667,26.0,95.435,307.33333333333337
2021-03-02 06:43:00+00:00,582,61.333333333333336,60.666666666666664,165.33333333333334,138.0,70.7,28.95,84.305,303.33333333333337
2021-03-02 06:44:00+00:00,582,61.333333333333336,61.0,162.66666666666666,138.0,66.4,33.425,82.74333,300.66666666666663
2021-03-02 06:45:00+00:00,582,60.333333333333336,61.333333333333336,160.0,135.33333333333334,73.7,26.15,98.435,295.33333333333337
2021-03-02 06:46:00+00:00,582,60.0,61.0,158.66666666666666,140.0,73.350006,26.55,108.88,298.66666666666663
2021-03-02 06:47:00+00:00,582,61.0,61.0,159.33333333333334,140.0,68.5,31.333334,90.985,299.33333333333337
2021-03-02 06:48:00+00:00,582,60.666666666666664,61.0,156.0,140.66666666666666,73.73333,26.066666,84.213326,296.66666666666663
2021-03-02 06:49:00+00:00,582,61.333333333333336,61.333333333333336,158.66666666666666,143.33333333333334,70.76666,28.933334,90.95,302.0
2021-03-02 06:50:00+00:00,582,60.666666666666664,60.666666666666664,160.0,145.33333333333334,63.65,36.1,85.10667,305.33333333333337
2021-03-02 06:51:00+00:00,582,61.333333333333336,61.333333333333336,158.0,138.0,73.4,26.45,92.63333,296.0
2021-03-02 06:52:00+00:00,582,60.666666666666664,59.0,161.33333333333334,140.0,72.23333,27.566666,107.89001,301.33333333333337
2021-03-02 06:53:00+00:00,582,61.666666666666664,60.333333333333336,169.33333333333334,140.0,69.833336,30.0,94.869995,309.33333333333337
2021-03-02 06:54:00+00:00,582,61.666666666666664,61.333333333333336,158.66666666666666,136.0,72.25,27.599998,91.22666,294.66666666666663
2021-03-02 06:55:00+00:00,582,61.333333333333336,60.666666666666664,158.0,140.0,71.46667,28.300001,93.50666,298.0
2021-03-02 06:56:00+00:00,582,61.333333333333336,60.666666666666664,164.0,144.0,66.86667,32.933334,89.53,308.0
2021-03-02 06:57:00+00:00,582,62.0,60.0,160.66666666666666,143.33333333333334,70.55,29.25,97.30334,304.0
2021-03-02 06:58:00+00:00,582,62.0,60.333333333333336,142.0,122.66666666666667,73.0,26.833334,90.42667,264.6666666666667
2021-03-02 06:59:00+00:00,582,61.0,60.666666666666664,161.33333333333334,142.66666666666666,70.5,29.299997,97.2,304.0
2021-03-02 07:00:00+00:00,582,62.0,61.333333333333336,148.0,126.0,70.13333,29.666666,93.35667,274.0
2021-03-02 07:01:00+00:00,582,61.666666666666664,62.0,156.0,140.0,74.03333,25.733332,88.03,296.0
2021-03-02 07:02:00+00:00,582,61.666666666666664,61.333333333333336,162.0,145.33333333333334,65.066666,34.566666,81.31,307.33333333333337
2021-03-02 07:03:00+00:00,582,61.333333333333336,61.0,161.33333333333334,149.33333333333334,70.7,29.099998,93.44999,310.6666666666667
2021-03-02 07:04:00+00:00,582,62.333333333333336,61.333333333333336,162.0,147.33333333333334,71.200005,28.666666,101.78,309.33333333333337
2021-03-02 07:05:00+00:00,582,60.0,60.333333333333336,154.0,138.0,71.0,28.85,100.42333,292.0
2021-03-02 07:06:00+00:00,582,58.0,57.666666666666664,158.66666666666666,142.0,72.63333,27.166666,98.06,300.66666666666663
2021-03-02 07:07:00+00:00,582,55.333333333333336,56.333333333333336,154.66666666666666,137.33333333333334,73.833336,26.0,89.91,292.0
2021-03-02 07:08:00+00:00,582,54.0,54.333333333333336,157.33333333333334,135.33333333333334,64.53333,35.2,80.003334,292.6666666666667
2021-03-02 07:09:00+00:00,582,52.0,53.0,176.66666666666666,156.0,70.63333,29.166666,83.26666,332.66666666666663
2021-03-02 07:10:00+00:00,582,50.666666666666664,51.666666666666664,155.33333333333334,144.66666666666666,71.63333,28.133333,92.104996,300.0
2021-03-02 07:11:00+00:00,582,49.666666666666664,51.666666666666664,157.33333333333334,139.33333333333334,71.333336,28.5,92.07667,296.6666666666667
2021-03-02 07:12:00+00:00,582,50.0,51.666666666666664,154.0,138.66666666666666,74.4,25.4,101.46,292.66666666666663
2021-03-02 07:13:00+00:00,582,49.333333333333336,51.333333333333336,160.66666666666666,136.0,69.36667,30.4,91.32666,296.66666666666663
2021-03-02 07:14:00+00:00,582,49.666666666666664,51.0,164.66666666666666,132.66666666666666,71.433334,28.300001,85.799995,297.3333333333333
2021-03-02 07:15:00+00:00,582,48.0,50.0,154.0,126.0,66.56667,33.2,83.22,280.0
2021-03-02 07:16:00+00:00,582,49.666666666666664,50.0,147.33333333333334,127.33333333333333,72.566666,27.299997,87.44,274.6666666666667
2021-03-02 07:17:00+00:00,582,49.0,51.0,156.0,135.33333333333334,73.2,26.65,84.745,291.33333333333337
2021-03-02 07:18:00+00:00,582,48.666666666666664,50.0,158.0,134.0,72.86667,26.966667,88.65667,292.0
2021-03-02 07:19:00+00:00,582,49.333333333333336,49.666666666666664,153.33333333333334,139.33333333333334,70.333336,29.5,100.46667,292.6666666666667
2021-03-02 07:20:00+00:00,582,48.333333333333336,50.666666666666664,152.0,138.0,73.26667,26.533333,102.630005,290.0
2021-03-02 07:21:00+00:00,582,48.333333333333336,49.333333333333336,150.66666666666666,138.0,69.53333,30.266668,95.85999,288.66666666666663
2021-03-02 07:22:00+00:00,582,47.666666666666664,49.666666666666664,150.0,128.0,71.23333,28.5,86.409996,278.0
2021-03-02 07:23:00+00:00,582,48.666666666666664,48.666666666666664,151.33333333333334,138.0,72.0,27.800001,88.92333,289.33333333333337
2021-03-02 07:24:00+00:00,582,48.333333333333336,49.666666666666664,147.33333333333334,135.33333333333334,70.53333,29.300001,88.815,282.6666666666667
2021-03-02 07:25:00+00:00,582,47.666666666666664,49.333333333333336,157.33333333333334,146.0,71.666664,28.166666,87.975,303.33333333333337
2021-03-02 07:26:00+00:00,582,47.666666666666664,49.333333333333336,152.66666666666666,137.33333333333334,72.833336,27.0,92.62333,290.0
2021-03-02 07:27:00+00:00,582,48.666666666666664,48.666666666666664,150.66666666666666,138.66666666666666,70.333336,29.5,96.1,289.3333333333333
2021-03-02 07:28:00+00:00,582,48.0,50.0,163.33333333333334,154.0,76.46667,23.366667,102.274994,317.33333333333337
2021-03-02 07:29:00+00:00,582,47.666666666666664,50.0,150.66666666666666,132.66666666666666,68.5,31.300001,98.28,283.3333333333333
2021-03-02 07:30:00+00:00,582,48.333333333333336,50.333333333333336,168.0,145.33333333333334,62.7,37.1,88.80667,313.33333333333337
2021-03-02 07:31:00+00:00,582,48.666666666666664,50.0,152.0,130.66666666666666,73.4,26.366667,89.46,282.66666666666663
2021-03-02 07:32:00+00:00,582,50.666666666666664,51.666666666666664,152.66666666666666,137.33333333333334,68.36667,31.466667,93.79667,290.0
2021-03-02 07:33:00+00:00,582,51.333333333333336,52.666666666666664,154.0,135.33333333333334,71.25,28.550001,89.23,289.33333333333337
2021-03-02 07:34:00+00:00,582,51.666666666666664,53.333333333333336,161.33333333333334,136.66666666666666,71.1,28.766668,86.384995,298.0
2021-03-02 07:35:00+00:00,582,52.666666666666664,53.0,156.0,138.0,74.0,25.800001,84.42333,294.0
2021-03-02 07:36:00+00:00,582,53.666666666666664,54.333333333333336,156.66666666666666,152.0,70.63333,29.166666,94.65,308.66666666666663
2021-03-02 07:37:00+00:00,582,54.333333333333336,54.0,155.33333333333334,145.33333333333334,70.3,29.300001,94.66499,300.6666666666667
2021-03-02 07:38:00+00:00,582,53.0,52.666666666666664,154.66666666666666,140.66666666666666,68.26667,31.533333,97.083336,295.3333333333333
2021-03-02 07:39:00+00:00,582,53.666666666666664,54.0,156.66666666666666,144.0,69.36667,30.366667,98.65,300.66666666666663
2021-03-02 07:40:00+00:00,582,53.666666666666664,54.666666666666664,154.66666666666666,135.33333333333334,73.5,26.349998,101.013336,290.0
2021-03-02 07:41:00+00:00,582,53.666666666666664,54.333333333333336,152.0,132.66666666666666,65.6,34.233334,88.630005,284.66666666666663
2021-03-02 07:42:00+00:00,582,54.0,54.0,155.33333333333334,140.0,73.86667,25.966667,84.53,295.33333333333337
2021-03-02 07:43:00+00:00,582,53.666666666666664,53.666666666666664,156.0,144.66666666666666,74.1,25.699999,87.12333,300.66666666666663
2021-03-02 07:44:00+00:00,582,53.333333333333336,54.666666666666664,154.0,137.33333333333334,65.03333,34.666668,98.30666,291.33333333333337
2021-03-02 07:45:00+00:00,582,53.0,54.0,139.33333333333334,122.0,66.0,33.75,96.21,261.33333333333337
2021-03-02 07:46:00+00:00,582,53.333333333333336,53.666666666666664,153.33333333333334,138.66666666666666,72.275,27.599998,90.6825,292.0
2021-03-02 07:47:00+00:00,582,53.0,54.0,151.33333333333334,130.66666666666666,69.0,30.866667,91.67333,282.0
2021-03-02 07:48:00+00:00,582,52.333333333333336,52.666666666666664,157.33333333333334,143.33333333333334,68.7,31.2,93.33501,300.6666666666667
2021-03-02 07:49:00+00:00,582,52.333333333333336,52.666666666666664,154.0,136.66666666666666,70.26667,29.533333,94.48334,290.66666666666663
2021-03-02 07:50:00+00:00,582,52.333333333333336,53.0,146.66666666666666,124.66666666666667,72.9,27.8,100.555,271.3333333333333
2021-03-02 07:51:00+00:00,582,52.333333333333336,52.666666666666664,156.66666666666666,142.66666666666666,69.96667,29.733332,111.829994,299.3333333333333
2021-03-02 07:52:00+00:00,582,52.333333333333336,53.333333333333336,170.66666666666666,152.66666666666666,67.73333,32.100002,97.73,323.3333333333333
2021-03-02 07:53:00+00:00,582,52.666666666666664,53.333333333333336,162.0,152.66666666666666,70.96667,28.866667,94.42333,314.66666666666663
2021-03-02 07:54:00+00:00,582,52.666666666666664,53.0,154.0,138.66666666666666,74.03333,25.800001,82.30499,292.66666666666663
2021-03-02 07:55:00+00:00,582,51.333333333333336,53.333333333333336,151.33333333333334,136.0,70.833336,29.0,92.28,287.33333333333337
2021-03-02 07:56:00+00:00,582,53.0,53.0,162.66666666666666,136.66666666666666,72.03333,27.766665,102.200005,299.3333333333333
2021-03-02 07:57:00+00:00,582,52.666666666666664,53.333333333333336,146.0,144.0,73.399994,26.45,102.03,290.0
2021-03-02 07:58:00+00:00,582,53.333333333333336,53.0,154.0,138.0,66.46667,33.233334,97.74334,292.0
2021-03-02 07:59:00+00:00,582,53.666666666666664,54.0,152.66666666666666,136.0,72.76666,27.066666,95.35333,288.66666666666663
2021-03-02 08:00:00+00:00,582,53.0,55.0,166.0,140.66666666666666,73.46667,26.333334,90.71,306.66666666666663
2021-03-02 08:01:00+00:00,582,54.0,54.0,156.66666666666666,138.0,74.4,25.466667,94.420006,294.66666666666663
2021-03-02 08:02:00+00:00,582,54.0,54.666666666666664,164.0,155.33333333333334,68.36667,31.433334,100.26,319.33333333333337
2021-03-02 08:03:00+00:00,582,53.666666666666664,54.666666666666664,154.66666666666666,140.0,68.26667,31.533335,94.32667,294.66666666666663
2021-03-02 08:04:00+00:00,582,52.666666666666664,55.0,156.0,141.33333333333334,73.4,26.433334,89.31,297.33333333333337
2021-03-02 08:05:00+00:00,582,54.0,54.666666666666664,154.66666666666666,137.33333333333334,67.5,32.2,94.776665,292.0
2021-03-02 08:06:00+00:00,582,53.666666666666664,55.0,164.0,141.33333333333334,72.666664,27.133333,92.44,305.33333333333337
2021-03-02 08:07:00+00:00,582,54.666666666666664,54.666666666666664,156.0,144.0,71.73334,28.1,85.19666,300.0
2021-03-02 08:08:00+00:00,582,53.333333333333336,54.333333333333336,164.66666666666666,140.66666666666666,70.066666,29.733332,86.043335,305.3333333333333
2021-03-02 08:09:00+00:00,582,53.666666666666664,54.666666666666664,150.0,130.66666666666666,73.166664,26.666666,84.52,280.66666666666663
2021-03-02 08:10:00+00:00,582,53.666666666666664,53.666666666666664,158.66666666666666,140.0,71.96667,27.833334,107.78666,298.66666666666663
2021-03-02 08:11:00+00:00,582,53.333333333333336,54.333333333333336,154.0,132.66666666666666,66.8,32.933334,92.746666,286.66666666666663
2021-03-02 08:12:00+00:00,582,53.666666666666664,54.666666666666664,156.0,142.66666666666666,71.9,27.933334,86.63,298.66666666666663
2021-03-02 08:13:00+00:00,582,54.333333333333336,54.0,154.0,139.33333333333334,69.0,30.800001,84.78,293.33333333333337
2021-03-02 08:14:00+00:00,582,53.666666666666664,52.666666666666664,158.0,140.66666666666666,71.05,28.75,93.37,298.66666666666663
2021-03-02 08:15:00+00:00,582,54.0,54.666666666666664,154.0,142.0,71.600006,28.2,91.756676,296.0
2021-03-02 08:16:00+00:00,582,53.0,54.666666666666664,170.0,142.66666666666666,68.299995,31.533335,83.78,312.66666666666663
2021-03-02 08:17:00+00:00,582,54.0,55.0,156.0,142.66666666666666,73.23334,26.633333,96.845,298.66666666666663
2021-03-02 08:18:00+00:00,582,54.0,54.666666666666664,148.0,128.66666666666666,75.7,24.099998,108.73,276.66666666666663
2021-03-02 08:19:00+00:00,582,54.0,54.333333333333336,146.0,136.0,63.63333,36.100002,102.86667,282.0
2021-03-02 08:20:00+00:00,582,53.333333333333336,54.333333333333336,156.66666666666666,141.33333333333334,70.26667,29.5,99.86667,298.0
2021-03-02 08:21:00+00:00,582,53.666666666666664,55.333333333333336,156.0,142.0,73.9,25.95,91.075,298.0
2021-03-02 08:22:00+00:00,582,54.666666666666664,54.666666666666664,156.66666666666666,139.33333333333334,68.1,31.700003,87.950005,296.0
2021-03-02 08:23:00+00:00,582,54.666666666666664,55.0,160.0,134.0,72.03333,27.800001,92.57333,294.0
2021-03-02 08:24:00+00:00,582,53.666666666666664,55.333333333333336,154.0,142.0,72.05,27.75,89.91333,296.0
2021-03-02 08:25:00+00:00,582,53.666666666666664,54.333333333333336,156.0,132.66666666666666,68.43333,31.266668,92.753334,288.66666666666663
2021-03-02 08:26:00+00:00,582,53.333333333333336,54.666666666666664,155.33333333333334,136.0,68.35,31.45,92.04,291.33333333333337
2021-03-02 08:27:00+00:00,582,53.666666666666664,54.333333333333336,154.0,131.33333333333334,73.1,26.733332,94.93,285.33333333333337
2021-03-02 08:28:00+00:00,582,54.0,55.333333333333336,155.33333333333334,136.0,69.65,30.2,103.89333,291.33333333333337
2021-03-02 08:29:00+00:00,582,53.666666666666664,55.333333333333336,140.66666666666666,128.0,73.0,26.833334,105.75666,268.66666666666663
2021-03-02 08:30:00+00:00,582,54.0,54.666666666666664,166.0,145.33333333333334,69.06667,30.733332,91.09,311.33333333333337
2021-03-02 08:31:00+00:00,582,53.333333333333336,54.666666666666664,154.0,139.33333333333334,72.23334,27.566666,79.95,293.33333333333337
2021-03-02 08:32:00+00:00,582,54.666666666666664,55.0,156.66666666666666,139.33333333333334,63.333332,36.333332,84.54,296.0
2021-03-02 08:33:00+00:00,582,53.666666666666664,54.0,174.66666666666666,152.66666666666666,71.26667,28.5,76.113335,327.3333333333333
2021-03-02 08:34:00+00:00,582,54.0,54.666666666666664,152.0,139.33333333333334,74.566666,25.266668,82.38333,291.33333333333337
2021-03-02 08:35:00+00:00,582,53.666666666666664,54.333333333333336,156.66666666666666,142.66666666666666,68.43333,31.300001,90.07333,299.3333333333333
2021-03-02 08:36:00+00:00,582,53.666666666666664,55.333333333333336,158.66666666666666,130.66666666666666,70.299995,29.5,89.29,289.3333333333333
2021-03-02 08:37:00+00:00,582,54.0,55.333333333333336,155.33333333333334,143.33333333333334,69.799995,30.0,86.82,298.6666666666667
2021-03-02 08:38:00+00:00,582,54.333333333333336,55.0,154.66666666666666,141.33333333333334,71.933334,27.9,91.54,296.0
2021-03-02 08:39:00+00:00,582,54.333333333333336,56.0,152.0,137.33333333333334,70.95,28.9,108.205,289.33333333333337
2021-03-02 08:40:00+00:00,582,55.0,54.666666666666664,157.33333333333334,142.66666666666666,69.833336,29.933334,99.75,300.0
2021-03-02 08:41:00+00:00,582,54.333333333333336,54.0,155.33333333333334,140.66666666666666,64.93333,34.766666,88.65333,296.0
2021-03-02 08:42:00+00:00,582,54.0,54.333333333333336,147.33333333333334,120.66666666666667,73.13333,26.699999,100.70333,268.0
2021-03-02 08:43:00+00:00,582,54.666666666666664,54.666666666666664,154.0,144.0,72.3,27.5,100.86,298.0
2021-03-02 08:44:00+00:00,582,54.0,56.0,151.33333333333334,138.0,73.26666,26.533335,102.100006,289.33333333333337
2021-03-02 08:45:00+00:00,582,54.0,55.0,156.66666666666666,145.33333333333334,68.566666,31.300001,90.19,302.0
2021-03-02 08:46:00+00:00,582,54.0,55.333333333333336,158.0,139.33333333333334,73.9,25.866667,88.013336,297.33333333333337
2021-03-02 08:47:00+00:00,582,55.0,55.666666666666664,156.66666666666666,140.0,58.13333,41.600002,90.486664,296.66666666666663
2021-03-02 08:48:00+00:00,582,53.666666666666664,55.666666666666664,152.0,130.66666666666666,69.86667,29.866667,91.69666,282.66666666666663
2021-03-02 08:49:00+00:00,582,57.0,55.333333333333336,144.66666666666666,130.66666666666666,74.95,24.95,96.5,275.3333333333333
2021-03-02 08:50:00+00:00,582,55.333333333333336,56.0,157.33333333333334,141.33333333333334,67.799995,32.0,99.503334,298.6666666666667
2021-03-02 08:51:00+00:00,582,55.666666666666664,56.333333333333336,156.66666666666666,144.66666666666666,70.5,29.300001,94.53999,301.3333333333333
2021-03-02 08:52:00+00:00,582,55.333333333333336,55.666666666666664,154.66666666666666,139.33333333333334,74.03333,25.766668,97.52,294.0
2021-03-02 08:53:00+00:00,582,56.333333333333336,55.0,156.0,141.33333333333334,69.166664,30.533333,89.39,297.33333333333337
2021-03-02 08:54:00+00:00,582,55.333333333333336,56.0,156.66666666666666,140.66666666666666,69.933334,31.1,86.04,297.3333333333333
2021-03-02 08:55:00+00:00,582,56.0,56.333333333333336,158.0,144.0,73.93333,25.9,92.293335,302.0
2021-03-02 08:56:00+00:00,582,56.0,57.0,157.33333333333334,136.66666666666666,74.0,25.800001,85.10667,294.0
2021-03-02 08:57:00+00:00,582,55.666666666666664,56.0,157.33333333333334,143.33333333333334,68.1,31.699999,82.98,300.6666666666667
2021-03-02 08:58:00+00:00,582,55.0,56.0,158.0,142.0,73.0,26.800001,96.38333,300.0
2021-03-02 08:59:00+00:00,582,56.0,56.0,157.33333333333334,141.33333333333334,67.9,31.766668,101.89333,298.6666666666667
2021-03-02 09:00:00+00:00,582,55.0,55.0,160.66666666666666,140.0,67.56667,32.233334,97.97,300.66666666666663
2021-03-02 09:01:00+00:00,582,55.666666666666664,56.0,154.0,134.0,74.26666,25.566666,98.21,288.0
2021-03-02 09:02:00+00:00,582,55.666666666666664,56.0,128.0,119.33333333333333,72.43333,27.366667,86.065,247.33333333333331
2021-03-02 09:03:00+00:00,582,55.666666666666664,55.333333333333336,161.33333333333334,136.0,69.73334,30.066666,79.416664,297.33333333333337
2021-03-02 09:04:00+00:00,582,54.0,56.0,157.33333333333334,144.0,71.6,28.2,99.4,301.33333333333337
2021-03-02 09:05:00+00:00,582,54.666666666666664,55.666666666666664,154.66666666666666,136.66666666666666,76.100006,23.7,107.993324,291.3333333333333
2021-03-02 09:06:00+00:00,582,55.333333333333336,56.0,156.0,140.0,68.85,31.0,103.625,296.0
2021-03-02 09:07:00+00:00,582,55.666666666666664,56.333333333333336,155.33333333333334,148.0,62.43333,37.333332,97.97,303.33333333333337
2021-03-02 09:08:00+00:00,582,55.0,55.333333333333336,156.66666666666666,133.33333333333334,74.56667,25.266668,103.165,290.0
2021-03-02 09:09:00+00:00,582,55.0,55.666666666666664,158.66666666666666,137.33333333333334,69.933334,29.9,96.22666,296.0
2021-03-02 09:10:00+00:00,582,55.333333333333336,56.666666666666664,152.0,132.0,73.86667,26.0,93.48334,284.0
2021-03-02 09:11:00+00:00,582,56.333333333333336,57.0,149.33333333333334,140.0,69.9,29.866667,95.18333,289.33333333333337
2021-03-02 09:12:00+00:00,582,55.666666666666664,56.666666666666664,163.33333333333334,148.0,72.45,27.35,97.66,311.33333333333337
2021-03-02 09:13:00+00:00,582,56.333333333333336,57.0,160.0,140.0,70.8,29.0,103.89,300.0
2021-03-02 09:14:00+00:00,582,55.333333333333336,55.0,157.33333333333334,140.66666666666666,65.73333,34.100002,98.79,298.0
2021-03-02 09:15:00+00:00,582,55.0,56.0,158.66666666666666,142.66666666666666,74.63333,25.199999,91.11667,301.3333333333333
2021-03-02 09:16:00+00:00,582,56.333333333333336,57.333333333333336,156.0,140.0,70.3,29.5,97.03,296.0
2021-03-02 09:17:00+00:00,582,56.666666666666664,55.666666666666664,156.66666666666666,140.0,65.7,34.05,85.869995,296.66666666666663
2021-03-02 09:18:00+00:00,582,56.333333333333336,57.0,164.0,140.66666666666666,73.23334,26.6,88.493324,304.66666666666663
2021-03-02 09:19:00+00:00,582,56.0,54.333333333333336,158.0,135.33333333333334,67.4,32.333332,90.67,293.33333333333337
2021-03-02 09:20:00+00:00,582,56.666666666666664,55.333333333333336,136.0,119.33333333333333,70.53333,29.266665,84.683334,255.33333333333331
2021-03-02 09:21:00+00:00,582,55.666666666666664,56.0,154.66666666666666,141.33333333333334,71.23334,28.566666,94.20333,296.0
2021-03-02 09:22:00+00:00,582,57.0,56.666666666666664,163.33333333333334,140.66666666666666,73.75,26.150002,99.26,304.0
2021-03-02 09:23:00+00:00,582,56.666666666666664,56.666666666666664,154.0,132.0,68.86667,30.933334,97.83667,286.0
2021-03-02 09:24:00+00:00,582,56.333333333333336,56.666666666666664,157.33333333333334,145.33333333333334,73.06667,26.766668,95.69334,302.6666666666667
2021-03-02 09:25:00+00:00,582,56.333333333333336,56.666666666666664,160.0,140.66666666666666,72.43333,27.333334,103.97666,300.66666666666663
2021-03-02 09:26:00+00:00,582,56.0,57.0,158.0,142.0,64.666664,35.033333,99.88333,300.0
2021-03-02 09:27:00+00:00,582,56.333333333333336,56.666666666666664,156.66666666666666,138.0,71.0,28.8,96.06333,294.66666666666663
2021-03-02 09:28:00+00:00,582,57.0,57.0,157.33333333333334,140.0,71.73333,28.1,92.14667,297.33333333333337
2021-03-02 09:29:00+00:00,582,57.0,56.0,158.66666666666666,141.33333333333334,71.46667,28.333334,90.14001,300.0
2021-03-02 09:30:00+00:00,582,57.333333333333336,56.666666666666664,152.66666666666666,130.0,70.76666,29.033335,80.575,282.66666666666663
2021-03-02 09:31:00+00:00,582,57.666666666666664,56.666666666666664,158.0,146.66666666666666,72.75,27.05,89.636665,304.66666666666663
2021-03-02 09:32:00+00:00,582,57.666666666666664,55.0,158.0,140.66666666666666,66.43333,33.266666,95.895004,298.66666666666663
2021-03-02 09:33:00+00:00,582,58.333333333333336,57.333333333333336,158.0,146.66666666666666,71.666664,28.166666,85.619995,304.66666666666663
2021-03-02 09:34:00+00:00,582,56.0,56.666666666666664,155.33333333333334,136.66666666666666,71.166664,28.6,95.07333,292.0
2021-03-02 09:35:00+00:00,582,56.666666666666664,55.666666666666664,160.0,143.33333333333334,70.93333,28.933334,102.23,303.33333333333337
2021-03-02 09:36:00+00:00,582,57.666666666666664,56.666666666666664,156.66666666666666,140.66666666666666,74.799995,25.033333,109.54667,297.3333333333333
2021-03-02 09:37:00+00:00,582,56.666666666666664,56.333333333333336,149.33333333333334,132.0,75.65,24.2,95.125,281.33333333333337
2021-03-02 09:38:00+00:00,582,57.333333333333336,54.666666666666664,158.66666666666666,144.66666666666666,69.73333,29.933334,85.829994,303.3333333333333
2021-03-02 09:39:00+00:00,582,57.666666666666664,56.666666666666664,159.33333333333334,144.66666666666666,66.63333,33.166668,89.68667,304.0
2021-03-02 09:40:00+00:00,582,57.0,55.666666666666664,157.33333333333334,142.0,68.149994,31.65,92.41,299.33333333333337
2021-03-02 09:41:00+00:00,582,57.666666666666664,57.0,160.0,134.66666666666666,72.666664,27.199999,107.62333,294.66666666666663
2021-03-02 09:42:00+00:00,582,56.666666666666664,57.0,156.66666666666666,142.66666666666666,69.36667,30.433334,105.24,299.3333333333333
2021-03-02 09:43:00+00:00,582,57.0,56.333333333333336,179.33333333333334,166.66666666666666,73.566666,26.266665,94.325,346.0
2021-03-02 09:44:00+00:00,582,56.0,57.333333333333336,150.0,129.33333333333334,72.0,27.799997,88.68667,279.33333333333337
2021-03-02 09:45:00+00:00,582,57.333333333333336,56.666666666666664,156.66666666666666,138.66666666666666,70.799995,29.066666,94.71,295.3333333333333
2021-03-02 09:46:00+00:00,582,57.333333333333336,57.333333333333336,157.33333333333334,136.0,74.700005,25.133333,104.54,293.33333333333337
2021-03-02 09:47:00+00:00,582,57.666666666666664,57.0,157.33333333333334,137.33333333333334,66.433334,33.266666,98.15333,294.6666666666667
2021-03-02 09:48:00+00:00,582,57.333333333333336,57.0,156.66666666666666,139.33333333333334,72.200005,27.633333,99.909996,296.0
2021-03-02 09:49:00+00:00,582,56.666666666666664,57.333333333333336,157.33333333333334,146.0,74.46667,25.333334,94.44,303.33333333333337
2021-03-02 09:50:00+00:00,582,56.666666666666664,57.0,159.33333333333334,146.0,68.13334,31.666666,95.18667,305.33333333333337
2021-03-02 09:51:00+00:00,582,57.666666666666664,57.333333333333336,158.0,136.0,73.0,26.8,89.759995,294.0
2021-03-02 09:52:00+00:00,582,58.0,56.666666666666664,157.33333333333334,140.66666666666666,74.5,25.300001,94.206665,298.0
2021-03-02 09:53:00+00:00,582,57.666666666666664,57.0,148.66666666666666,128.0,65.45,34.25,87.5125,276.66666666666663
2021-03-02 09:54:00+00:00,582,55.0,57.333333333333336,156.66666666666666,140.0,64.85,34.9,85.89,296.66666666666663
2021-03-02 09:55:00+00:00,582,57.333333333333336,57.0,154.66666666666666,135.33333333333334,73.433334,26.4,92.97666,290.0
2021-03-02 09:56:00+00:00,582,58.0,56.333333333333336,156.0,139.33333333333334,74.3,25.55,103.42333,295.33333333333337
2021-03-02 09:57:00+00:00,582,57.333333333333336,57.0,149.33333333333334,134.0,69.36667,30.466667,97.82,283.33333333333337
2021-03-02 09:58:00+00:00,582,58.0,56.666666666666664,157.33333333333334,142.66666666666666,67.666664,32.166668,86.64333,300.0
2021-03-02 09:59:00+00:00,582,57.666666666666664,57.0,158.0,143.33333333333334,73.4,26.4,93.2,301.33333333333337
2021-03-02 10:00:00+00:00,582,57.666666666666664,57.0,158.0,144.66666666666666,66.53333,33.100002,92.44334,302.66666666666663
2021-03-02 10:01:00+00:00,582,58.0,57.333333333333336,156.66666666666666,132.0,71.86667,27.9,90.833336,288.66666666666663
2021-03-02 10:02:00+00:00,582,57.333333333333336,57.333333333333336,158.0,144.66666666666666,73.299995,26.533333,83.35667,302.66666666666663
2021-03-02 10:03:00+00:00,582,58.0,56.333333333333336,152.66666666666666,135.33333333333334,66.299995,33.533337,90.119995,288.0
2021-03-02 10:04:00+00:00,582,56.0,57.333333333333336,157.33333333333334,142.66666666666666,73.933334,25.933334,96.743324,300.0
2021-03-02 10:05:00+00:00,582,57.0,57.333333333333336,154.66666666666666,136.66666666666666,71.9,27.9,90.4,291.3333333333333
2021-03-02 10:06:00+00:00,582,57.666666666666664,57.666666666666664,149.33333333333334,126.66666666666667,69.933334,29.766668,92.909996,276.0
2021-03-02 10:07:00+00:00,582,57.333333333333336,57.333333333333336,156.66666666666666,144.66666666666666,65.26667,34.533333,96.079994,301.3333333333333
2021-03-02 10:08:00+00:00,582,57.666666666666664,56.0,155.33333333333334,144.66666666666666,75.36667,24.466667,85.88333,300.0
2021-03-02 10:09:00+00:00,582,56.666666666666664,57.333333333333336,158.0,144.0,72.23334,27.6,72.33,302.0
2021-03-02 10:10:00+00:00,582,57.666666666666664,57.333333333333336,152.0,128.0,68.333336,31.5,84.700005,280.0
2021-03-02 10:11:00+00:00,582,58.0,57.333333333333336,158.66666666666666,143.33333333333334,72.066666,27.733332,86.63333,302.0
2021-03-02 10:12:00+00:00,582,58.333333333333336,56.666666666666664,158.0,144.66666666666666,75.0,24.849998,93.670006,302.66666666666663
2021-03-02 10:13:00+00:00,582,58.0,57.0,158.0,140.66666666666666,66.36667,33.333332,90.05666,298.66666666666663
2021-03-02 10:14:00+00:00,582,58.0,57.0,163.33333333333334,146.0,67.700005,32.100002,97.136665,309.33333333333337
2021-03-02 10:15:00+00:00,582,58.0,56.666666666666664,158.0,142.66666666666666,73.4,26.433332,104.32666,300.66666666666663
2021-03-02 10:16:00+00:00,582,58.0,57.0,154.66666666666666,132.66666666666666,70.96667,28.833334,97.77,287.3333333333333
2021-03-02 10:17:00+00:00,582,58.0,57.0,158.66666666666666,145.33333333333334,72.850006,26.95,96.52,304.0
2021-03-02 10:18:00+00:00,582,59.0,57.0,159.33333333333334,141.33333333333334,72.200005,27.666666,97.11001,300.6666666666667
2021-03-02 10:19:00+00:00,582,57.666666666666664,58.0,150.66666666666666,127.33333333333333,64.86667,34.833332,92.64333,278.0
2021-03-02 10:20:00+00:00,582,58.666666666666664,57.666666666666664,157.33333333333334,138.0,71.23333,28.6,92.92333,295.33333333333337
2021-03-02 10:21:00+00:00,582,58.333333333333336,57.666666666666664,158.66666666666666,144.0,72.23333,27.6,88.71,302.66666666666663
2021-03-02 10:22:00+00:00,582,58.333333333333336,57.333333333333336,150.0,124.66666666666667,68.166664,31.633331,85.58,274.6666666666667
2021-03-02 10:23:00+00:00,582,58.333333333333336,58.0,154.66666666666666,138.66666666666666,74.1,25.733332,86.15667,293.3333333333333
2021-03-02 10:24:00+00:00,582,57.0,58.0,154.0,132.66666666666666,69.6,30.199999,81.30666,286.66666666666663
2021-03-02 10:25:00+00:00,582,58.0,57.333333333333336,158.0,142.66666666666666,73.76667,25.966667,97.19,300.66666666666663
2021-03-02 10:26:00+00:00,582,59.0,57.666666666666664,138.66666666666666,126.66666666666667,65.73334,34.100002,88.60667,265.3333333333333
2021-03-02 10:27:00+00:00,582,58.0,57.333333333333336,156.0,139.33333333333334,71.23333,28.6,94.740005,295.33333333333337
2021-03-02 10:28:00+00:00,582,58.333333333333336,57.666666666666664,160.0,143.33333333333334,74.65,25.2,98.6,303.33333333333337
2021-03-02 10:29:00+00:00,582,58.0,57.666666666666664,156.0,138.0,64.05,35.75,88.09667,294.0
